--liquibase formatted sql

--changeset codex:004-seed-security-data
/*!40101 SET @OLD_CHARACTER_SET_CLIENT=@@CHARACTER_SET_CLIENT */;
/*!40101 SET @OLD_CHARACTER_SET_RESULTS=@@CHARACTER_SET_RESULTS */;
/*!40101 SET @OLD_COLLATION_CONNECTION=@@COLLATION_CONNECTION */;
/*!50503 SET NAMES utf8mb4 */;
/*!40103 SET @OLD_TIME_ZONE=@@TIME_ZONE */;
/*!40103 SET TIME_ZONE='+00:00' */;
/*!40014 SET @OLD_UNIQUE_CHECKS=@@UNIQUE_CHECKS, UNIQUE_CHECKS=0 */;
/*!40014 SET @OLD_FOREIGN_KEY_CHECKS=@@FOREIGN_KEY_CHECKS, FOREIGN_KEY_CHECKS=0 */;
/*!40101 SET @OLD_SQL_MODE=@@SQL_MODE, SQL_MODE='NO_AUTO_VALUE_ON_ZERO' */;
/*!40111 SET @OLD_SQL_NOTES=@@SQL_NOTES, SQL_NOTES=0 */;

INSERT INTO `permission` (`id`, `code`, `name`) VALUES (1,'dashboard','仪表盘'),(2,'user:list:all','查看所有用户列表'),(3,'user:view:all','查看任意用户详情'),(4,'user:view:self','查看自己的信息'),(5,'user:create:all','创建用户'),(6,'user:edit:all','编辑用户'),(7,'user:edit:self','编辑自己的信息'),(8,'user:delete:all','删除用户'),(9,'user:update:status','修改用户状态'),(10,'user:update:password:all','修改任意用户密码'),(11,'user:update:password:self','修改自己密码'),(12,'user:update:role','修改用户角色'),(13,'role:list:all','查看角色列表'),(14,'role:view:all','查看角色详情'),(15,'role:create:all','新增角色'),(16,'role:edit:all','编辑角色'),(17,'role:delete:all','删除角色'),(18,'role:assign:all','分配角色权限'),(19,'permission:list:all','查看权限列表'),(20,'permission:view:all','查看权限详情'),(21,'permission:create:all','新增权限'),(22,'permission:edit:all','编辑权限'),(23,'permission:delete:all','删除权限'),(24,'course:list:all','查看所有课程'),(25,'course:list:self','查看自己的课程'),(26,'course:view:all','查看任意课程详情'),(27,'course:view:self','查看自己的课程详情'),(28,'course:create:all','创建任意课程'),(29,'course:create:self','创建自己的课程'),(30,'course:edit:all','编辑任意课程'),(31,'course:edit:self','编辑自己的课程'),(32,'course:delete:all','删除任意课程'),(33,'course:delete:self','删除自己的课程'),(34,'knowledge_point:list:all','查看所有知识点'),(35,'knowledge_point:list:self','查看自己的知识点'),(36,'knowledge_point:view:all','查看任意知识点详情'),(37,'knowledge_point:view:self','查看自己的知识点详情'),(38,'knowledge_point:create:all','创建任意知识点'),(39,'knowledge_point:create:self','创建自己的知识点'),(40,'knowledge_point:edit:all','编辑任意知识点'),(41,'knowledge_point:edit:self','编辑自己的知识点'),(42,'knowledge_point:delete:all','删除任意知识点'),(43,'knowledge_point:delete:self','删除自己的知识点'),(44,'knowledge_point:import','导入知识点'),(45,'knowledge_point:export','导出知识点'),(46,'question:list:all','查看所有题目'),(47,'question:list:self','查看自己的题目'),(48,'question:view:all','查看任意题目详情'),(49,'question:view:self','查看自己的题目详情'),(50,'question:create:all','创建任意题目'),(51,'question:create:self','创建自己的题目'),(52,'question:edit:all','编辑任意题目'),(53,'question:edit:self','编辑自己的题目'),(54,'question:delete:all','删除任意题目'),(55,'question:delete:self','删除自己的题目'),(56,'question:import','导入题目'),(57,'question:export','导出题目'),(58,'ai:generate:question','AI生成题目'),(59,'ai:config:manage','AI配置管理'),(60,'file:upload','上传文件'),(61,'file:delete','删除文件'),(62,'file:view','查看文件'),(63,'statistics:course','课程统计'),(64,'statistics:question','题目统计'),(65,'statistics:exercise','练习统计'),(66,'statistics:user','用户统计'),(67,'category:list:all','查看分类列表'),(68,'category:view:all','查看分类详情'),(69,'category:create:all','新增分类'),(70,'category:edit:all','编辑分类'),(71,'category:delete:all','删除分类'),(72,'paper:list:public','学生查看公开试卷'),(73,'paper:view:public','学生查看公开试卷详情'),(74,'paper:list:self','教师查看自己创建的试卷'),(75,'paper:view:self','教师查看自己创建的试卷详情'),(76,'paper:create','教师创建试卷'),(77,'paper:edit:self','教师编辑自己创建的试卷'),(78,'paper:delete:self','教师删除自己创建的试卷'),(79,'paper:publish:self','教师发布自己创建的试卷'),(80,'paper:archive:self','教师归档自己创建的试卷'),(81,'paper:list:all','管理员查看所有试卷'),(82,'paper:view:all','管理员查看所有试卷详情'),(83,'paper:edit:all','管理员编辑所有试卷'),(84,'paper:delete:all','管理员删除所有试卷'),(85,'paper:publish:all','管理员发布所有试卷'),(86,'paper:archive:all','管理员归档所有试卷'),(87,'paper:manage:questions','管理试卷题目'),(88,'paper:question:add','添加题目到试卷'),(89,'paper:question:remove','从试卷移除题目'),(90,'paper:question:reorder','调整试卷题目顺序'),(91,'paper:question:score','设置试卷题目分值'),(92,'grading:auto','自动判分'),(93,'grading:ai','AI判分'),(94,'grading:manual','手动判分'),(95,'grading:view','查看判分结果'),(96,'grading:review:list','查看待批改题目列表'),(97,'statistics:paper:view','查看试卷统计'),(98,'statistics:question:view','查看题目统计'),(99,'statistics:student:view','查看学生统计'),(100,'statistics:overview:view','查看统计概览'),(101,'practice:start','开始练习'),(102,'practice:submit','提交练习'),(103,'practice:list:self','获取所有可用试卷'),(104,'practice:view:self','查看自己的练习会话'),(105,'practice:record:list:self','列出自己的练习记录'),(106,'practice:record:list:all','列出所有的练习记录'),(107,'practice:result:view:self','查看自己的练习结果'),(108,'practice:result:view:all','查看所有的练习结果'),(109,'practice:mark','题目标记'),(110,'practice:overview:self','查看自己的练习进度概览'),(111,'practice:history:self','查看自己的练习历史'),(112,'practice:statistics:self','查看自己的练习统计'),(113,'practice:detail:self','查看自己的练习题目详情');

INSERT INTO `role` (`id`, `create_time`, `description`, `name`, `update_time`) VALUES (1,'2026-06-05 03:05:01.672497','超级管理员','admin','2026-06-10 07:10:30.376191'),(2,'2026-06-05 03:05:01.786548','教师','teacher','2026-06-10 07:10:30.462840'),(3,'2026-06-05 03:05:01.811688','学生','student','2026-06-10 07:10:30.676817');

INSERT INTO `user` (`id`, `avatar`, `create_time`, `email`, `enabled`, `nickname`, `password`, `phone`, `update_time`, `username`, `role_id`) VALUES (1,NULL,'2026-06-05 03:05:01.959997','admin@example.com',1,'管理员','$2a$10$VGh9IrW/68aKdNl1ayOo1e49e6rl6GnLuUMN9cI9f0U.l6y92qBQ.','10000000000','2026-06-10 07:10:30.000000','admin',1),(2,NULL,'2026-06-05 08:11:29.121174','teacher@example.com',1,'示例教师','$2a$10$VGh9IrW/68aKdNl1ayOo1e49e6rl6GnLuUMN9cI9f0U.l6y92qBQ.','10000000001','2026-06-10 07:10:30.000000','teacher',2);

INSERT INTO `role_permission` (`role_id`, `permission_id`) VALUES (1,1),(2,1),(3,1),(1,2),(1,3),(1,4),(2,4),(3,4),(1,5),(1,6),(1,7),(2,7),(3,7),(1,8),(1,9),(1,10),(1,11),(2,11),(3,11),(1,12),(1,13),(1,14),(1,15),(1,16),(1,17),(1,18),(1,19),(1,20),(1,21),(1,22),(1,23),(1,24),(2,24),(1,25),(2,25),(1,26),(2,26),(1,27),(2,27),(1,28),(1,29),(2,29),(1,30),(1,31),(2,31),(1,32),(1,33),(2,33),(1,34),(2,34),(1,35),(2,35),(1,36),(1,37),(2,37),(1,38),(1,39),(2,39),(1,40),(1,41),(2,41),(1,42),(1,43),(2,43),(1,44),(1,45),(1,46),(2,46),(1,47),(2,47),(1,48),(1,49),(2,49),(1,50),(1,51),(2,51),(1,52),(1,53),(2,53),(1,54),(1,55),(2,55),(1,56),(2,56),(1,57),(2,57),(1,58),(2,58),(1,59),(1,60),(2,60),(3,60),(1,61),(1,62),(2,62),(3,62),(1,63),(2,63),(1,64),(2,64),(1,65),(2,65),(1,66),(1,67),(2,67),(1,68),(2,68),(1,69),(1,70),(1,71),(1,72),(3,72),(1,73),(3,73),(1,74),(2,74),(1,75),(2,75),(1,76),(2,76),(1,77),(2,77),(1,78),(2,78),(1,79),(2,79),(1,80),(2,80),(1,81),(2,81),(1,82),(2,82),(1,83),(1,84),(1,85),(1,86),(1,87),(2,87),(1,88),(2,88),(1,89),(2,89),(1,90),(2,90),(1,91),(2,91),(1,92),(2,92),(1,93),(2,93),(1,94),(2,94),(1,95),(2,95),(1,96),(2,96),(1,97),(2,97),(1,98),(2,98),(1,99),(2,99),(1,100),(2,100),(1,101),(2,101),(3,101),(1,102),(2,102),(3,102),(1,103),(2,103),(3,103),(1,104),(2,104),(3,104),(1,105),(2,105),(3,105),(1,106),(2,106),(1,107),(2,107),(3,107),(1,108),(2,108),(1,109),(2,109),(3,109),(1,110),(2,110),(3,110),(1,111),(2,111),(3,111),(1,112),(2,112),(3,112),(1,113),(2,113),(3,113);
/*!40103 SET TIME_ZONE=@OLD_TIME_ZONE */;

/*!40101 SET SQL_MODE=@OLD_SQL_MODE */;
/*!40014 SET FOREIGN_KEY_CHECKS=@OLD_FOREIGN_KEY_CHECKS */;
/*!40014 SET UNIQUE_CHECKS=@OLD_UNIQUE_CHECKS */;
/*!40101 SET CHARACTER_SET_CLIENT=@OLD_CHARACTER_SET_CLIENT */;
/*!40101 SET CHARACTER_SET_RESULTS=@OLD_CHARACTER_SET_RESULTS */;
/*!40101 SET COLLATION_CONNECTION=@OLD_COLLATION_CONNECTION */;
/*!40111 SET SQL_NOTES=@OLD_SQL_NOTES */;
