--liquibase formatted sql

--changeset codex:005-seed-learning-content
/*!40101 SET @OLD_CHARACTER_SET_CLIENT=@@CHARACTER_SET_CLIENT */;
/*!40101 SET @OLD_CHARACTER_SET_RESULTS=@@CHARACTER_SET_RESULTS */;
/*!40101 SET @OLD_COLLATION_CONNECTION=@@COLLATION_CONNECTION */;
/*!50503 SET NAMES utf8mb4 */;
/*!40103 SET @OLD_TIME_ZONE=@@TIME_ZONE */;
/*!40103 SET TIME_ZONE='+00:00' */;
/*!40014 SET @OLD_UNIQUE_CHECKS=@@UNIQUE_CHECKS, UNIQUE_CHECKS=0 */;
/*!40014 SET @OLD_FOREIGN_KEY_CHECKS=@@FOREIGN_KEY_CHECKS, FOREIGN_KEY_CHECKS=0 */;
/*!40101 SET @OLD_SQL_MODE=@@SQL_MODE, SQL_MODE='NO_AUTO_VALUE_ON_ZERO' */;
/*!40111 SET @OLD_SQL_NOTES=@@SQL_NOTES, SQL_NOTES=0 */;

INSERT INTO `category` (`id`, `create_time`, `description`, `enabled`, `name`, `update_time`, `parent_id`) VALUES (1,'2026-06-05 03:05:01.968384','教育管理系统课程分类根节点',0x01,'课程分类','2026-06-01 03:05:01.000000',NULL),(2,'2026-06-05 03:05:01.975860','按年级分类的课程',0x01,'年级','2026-06-05 03:05:01.000000',1),(3,'2026-06-05 03:05:01.977867','按学科分类的课程',0x01,'学科','2026-06-05 03:05:01.977867',1),(4,'2026-06-05 03:05:01.978866','小班相关课程',0x01,'小班','2026-06-05 03:05:01.978866',2),(5,'2026-06-05 03:05:01.979866','中班相关课程',0x01,'中班','2026-06-05 03:05:01.979866',2),(6,'2026-06-05 03:05:01.981866','大班相关课程',0x01,'大班','2026-06-05 03:05:01.981866',2),(7,'2026-06-05 03:05:01.983869','小学一年级相关课程',0x01,'小学一年级','2026-06-05 03:05:01.983869',2),(8,'2026-06-05 03:05:01.984868','小学二年级相关课程',0x01,'小学二年级','2026-06-05 03:05:01.984868',2),(9,'2026-06-05 03:05:01.985868','小学三年级相关课程',0x01,'小学三年级','2026-06-05 03:05:01.985868',2),(10,'2026-06-05 03:05:01.987435','小学四年级相关课程',0x01,'小学四年级','2026-06-05 03:05:01.987435',2),(11,'2026-06-05 03:05:01.990444','小学五年级相关课程',0x01,'小学五年级','2026-06-05 03:05:01.990444',2),(12,'2026-06-05 03:05:01.998094','小学六年级相关课程',0x01,'小学六年级','2026-06-05 03:05:01.998094',2),(13,'2026-06-05 03:05:02.001092','初中一年级相关课程',0x01,'初中一年级','2026-06-05 03:05:02.001092',2),(14,'2026-06-05 03:05:02.003093','初中二年级相关课程',0x01,'初中二年级','2026-06-05 03:05:02.003093',2),(15,'2026-06-05 03:05:02.004095','初中三年级相关课程',0x01,'初中三年级','2026-06-05 03:05:02.004095',2),(16,'2026-06-05 03:05:02.005093','高中一年级相关课程',0x01,'高中一年级','2026-06-05 03:05:02.005093',2),(17,'2026-06-05 03:05:02.006095','高中二年级相关课程',0x01,'高中二年级','2026-06-05 03:05:02.006095',2),(18,'2026-06-05 03:05:02.007143','高中三年级相关课程',0x01,'高中三年级','2026-06-05 03:05:02.007143',2),(19,'2026-06-05 03:05:02.009145','大学一年级相关课程',0x01,'大学一年级','2026-06-05 03:05:02.009145',2),(20,'2026-06-05 03:05:02.010145','大学二年级相关课程',0x01,'大学二年级','2026-06-05 03:05:02.010145',2),(21,'2026-06-05 03:05:02.011146','大学三年级相关课程',0x01,'大学三年级','2026-06-05 03:05:02.011146',2),(22,'2026-06-05 03:05:02.012145','大学四年级相关课程',0x01,'大学四年级','2026-06-05 03:05:02.012145',2),(23,'2026-06-05 03:05:02.013146','硕士一年级相关课程',0x01,'硕士一年级','2026-06-05 03:05:02.013146',2),(24,'2026-06-05 03:05:02.014145','硕士二年级相关课程',0x01,'硕士二年级','2026-06-05 03:05:02.014145',2),(25,'2026-06-05 03:05:02.015145','硕士三年级相关课程',0x01,'硕士三年级','2026-06-05 03:05:02.015145',2),(26,'2026-06-05 03:05:02.016144','博士一年级相关课程',0x01,'博士一年级','2026-06-05 03:05:02.016144',2),(27,'2026-06-05 03:05:02.018425','博士二年级相关课程',0x01,'博士二年级','2026-06-05 03:05:02.018425',2),(28,'2026-06-05 03:05:02.019424','数学相关课程',0x01,'数学','2026-06-05 03:05:02.019424',3),(29,'2026-06-05 03:05:02.020426','统计学相关课程',0x01,'统计学','2026-06-05 03:05:02.020426',3),(30,'2026-06-05 03:05:02.021424','物理相关课程',0x01,'物理','2026-06-05 03:05:02.021424',3),(31,'2026-06-05 03:05:02.021424','化学相关课程',0x01,'化学','2026-06-05 03:05:02.021424',3),(32,'2026-06-05 03:05:02.022428','生物相关课程',0x01,'生物','2026-06-05 03:05:02.022428',3),(33,'2026-06-05 03:05:02.024424','地理相关课程',0x01,'地理','2026-06-05 03:05:02.024424',3),(34,'2026-06-05 03:05:02.024424','历史相关课程',0x01,'历史','2026-06-05 03:05:02.024424',3),(35,'2026-06-05 03:05:02.025929','政治相关课程',0x01,'政治','2026-06-05 03:05:02.025929',3),(36,'2026-06-05 03:05:02.025929','语文相关课程',0x01,'语文','2026-06-05 03:05:02.025929',3),(37,'2026-06-05 03:05:02.026937','英语相关课程',0x01,'英语','2026-06-05 03:05:02.026937',3),(38,'2026-06-05 03:05:02.027934','计算机科学相关课程',0x01,'计算机科学','2026-06-05 03:05:02.027934',3),(39,'2026-06-05 03:05:02.028938','信息技术相关课程',0x01,'信息技术','2026-06-05 03:05:02.028938',3),(40,'2026-06-05 03:05:02.028938','美术相关课程',0x01,'美术','2026-06-05 03:05:02.028938',3),(41,'2026-06-05 03:05:02.029938','音乐相关课程',0x01,'音乐','2026-06-05 03:05:02.029938',3),(42,'2026-06-05 03:05:02.030937','体育相关课程',0x01,'体育','2026-06-05 03:05:02.030937',3),(43,'2026-06-05 03:05:02.031934','思想品德相关课程',0x01,'思想品德','2026-06-05 03:05:02.031934',3),(44,'2026-06-05 03:05:02.032937','科学相关课程',0x01,'科学','2026-06-05 03:05:02.032937',3),(45,'2026-06-05 03:05:02.032937','经济学相关课程',0x01,'经济学','2026-06-05 03:05:02.032937',3),(46,'2026-06-05 03:05:02.034448','管理学相关课程',0x01,'管理学','2026-06-05 03:05:02.034448',3),(47,'2026-06-05 03:05:02.034448','法学相关课程',0x01,'法学','2026-06-05 03:05:02.034448',3),(48,'2026-06-05 03:05:02.035955','医学相关课程',0x01,'医学','2026-06-05 03:05:02.035955',3),(49,'2026-06-05 03:05:02.036961','工学相关课程',0x01,'工学','2026-06-05 03:05:02.036961',3),(50,'2026-06-05 03:05:02.036961','农学相关课程',0x01,'农学','2026-06-05 03:05:02.036961',3),(51,'2026-06-05 03:05:02.037961','哲学相关课程',0x01,'哲学','2026-06-05 03:05:02.037961',3),(52,'2026-06-05 03:05:02.038962','文学相关课程',0x01,'文学','2026-06-05 03:05:02.038962',3),(53,'2026-06-05 03:05:02.039961','艺术学相关课程',0x01,'艺术学','2026-06-05 03:05:02.039961',3),(54,'2026-06-05 03:05:02.040960','教育学相关课程',0x01,'教育学','2026-06-05 03:05:02.040960',3),(55,'2026-06-10 12:47:20.869358','软件工程相关课程',0x01,'软件工程','2026-06-10 12:47:20.869358',3);

INSERT INTO `course` (`id`, `completed_hours`, `cover_image`, `create_time`, `description`, `enabled`, `grade`, `name`, `semester`, `status`, `subject`, `total_hours`, `update_time`, `category_id`, `teacher_id`) VALUES (1,32,'https://neumall-1356680122.cos.ap-guangzhou.myqcloud.com/images/a7c00b0c-b028-4956-8c56-06bca10905d5.jpg','2026-06-05 03:11:28.272444','计算机408必修课',0x01,'大学一年级','数据结构与算法','第二学期','PUBLISHED','计算机科学',64,'2026-06-05 03:12:18.152456',NULL,1),(9,0,'','2026-06-10 12:30:31.996818','面向软件工程专业基础学习，介绍软件生命周期、过程模型、工程伦理、团队协作与工程化交付思维。',0x01,'大学二年级','软件工程导论','2026春','PUBLISHED','软件工程',32,'2026-06-10 05:15:41.297076',55,2),(10,0,NULL,'2026-06-10 12:30:31.996818','围绕需求获取、需求分析、用户故事、用例建模、领域建模和需求规格说明，训练从业务问题到系统边界的表达能力。',0x01,'大学二年级','软件需求分析与建模','2026春','PUBLISHED','软件工程',40,'2026-06-10 12:47:20.870089',55,2),(11,0,NULL,'2026-06-10 12:30:31.996818','讲解模块化设计、面向对象设计原则、设计模式、分层架构、微服务架构与架构质量属性权衡。',0x01,'大学三年级','软件设计与体系结构','2026春','PUBLISHED','软件工程',40,'2026-06-10 12:47:20.870089',55,2),(12,0,NULL,'2026-06-10 12:30:31.996818','覆盖测试策略、单元测试、集成测试、系统测试、自动化测试、缺陷管理与持续质量改进。',0x01,'大学三年级','软件测试与质量保证','2026春','PUBLISHED','软件工程',36,'2026-06-10 12:47:20.870089',55,2),(13,0,NULL,'2026-06-10 12:30:31.996818','介绍 Scrum、Kanban、迭代计划、估算、风险管理、持续集成和团队协作实践。',0x01,'大学三年级','敏捷开发与项目管理','2026春','PUBLISHED','软件工程',32,'2026-06-10 12:47:20.870089',55,2),(16,0,NULL,'2026-06-10 12:47:20.873759','从问题域建模到职责分配，系统讲解 UML、类设计、对象协作、设计原则和可测试设计。',0x01,'大学二年级','面向对象分析与设计','第二学期','PUBLISHED','软件工程',40,'2026-06-10 05:34:12.229636',55,2),(17,0,NULL,'2026-06-10 12:47:20.873759','覆盖版本控制、分支策略、构建发布、环境管理、CI/CD、可观测性和 DevOps 协作文化。',0x01,'大学三年级','软件配置管理与 DevOps','2026秋','PUBLISHED','软件工程',36,'2026-06-10 12:47:20.873759',55,2),(18,0,NULL,'2026-06-10 12:47:20.873759','讲解遗留系统理解、重构、技术债治理、兼容性管理、软件演化和维护过程度量。',0x01,'大学三年级','软件维护与演化','2026秋','PUBLISHED','软件工程',32,'2026-06-10 12:47:20.873759',55,2),(19,0,NULL,'2026-06-10 12:47:20.873759','介绍安全需求、威胁建模、安全设计、常见漏洞、防护策略和安全测试。',0x01,'大学三年级','软件安全工程','2026秋','PUBLISHED','软件工程',36,'2026-06-10 12:47:20.873759',55,2),(20,0,NULL,'2026-06-10 12:47:20.873759','以团队项目为主线，贯穿需求、设计、编码、测试、部署、复盘和工程文档交付。',0x01,'大学四年级','软件工程综合实践','2026秋','PUBLISHED','软件工程',48,'2026-06-10 12:47:20.873759',55,2),(24,0,'','2026-06-10 06:57:00.098907','好课',0x01,'大班','语文','第二学期','DRAFT','文学',15,'2026-06-10 06:57:00.098907',52,1);

INSERT INTO `knowledge_point` (`id`, `content`, `create_time`, `description`, `difficulty`, `enabled`, `keywords`, `name`, `order_num`, `update_time`, `course_id`) VALUES (1,'','2026-06-05 03:13:09.541581','高等数据结构','HARD',0x01,'','线段树',0,'2026-06-05 03:13:09.541581',1),(2,'','2026-06-05 03:13:38.662620','高等数据结构','HARD',0x01,'','树状数组',0,'2026-06-05 03:13:38.662620',1),(3,'','2026-06-05 03:13:58.520562','高等数据结构','HARD',0x01,'','树套树',0,'2026-06-05 03:13:58.520562',1),(4,'','2026-06-05 03:14:10.917769','初等数据结构','EASY',0x01,'','链表',0,'2026-06-05 03:14:10.917769',1),(5,'','2026-06-05 03:14:51.084071','简单数据结构','EASY',0x01,'','优先队列',0,'2026-06-05 03:14:51.084071',1),(6,'','2026-06-05 03:15:03.563881','中级算法','MEDIUM',0x01,'','并查集',0,'2026-06-05 03:15:03.563881',1),(7,'详细的知识点内容...','2026-06-06 00:32:06.786023','这是一个示例知识点的描述','MEDIUM',0x01,'关键词1,关键词2','示例知识点',1,'2026-06-06 00:32:06.786023',1),(8,NULL,'2026-06-06 00:32:06.822743','必填字段标有*号','MEDIUM',0x01,NULL,'说明：',2,'2026-06-06 00:32:06.822743',1),(9,'理解 O、Ω、Θ 记号；能够分析顺序、分支、循环、递归程序的复杂度；区分最好、最坏和平均情况。','2026-06-07 03:46:28.568286','掌握时间复杂度、空间复杂度和渐进符号的基本分析方法。','EASY',0x01,'时间复杂度,空间复杂度,大O,渐进分析','算法复杂度分析',1,'2026-06-07 03:46:28.568286',1),(10,'掌握顺序表的查找、插入、删除、扩容与下标访问；分析各操作的时间复杂度和适用场景。','2026-06-07 03:46:28.593288','理解线性表抽象数据类型及数组顺序表实现。','EASY',0x01,'线性表,顺序表,数组,动态数组','线性表与顺序存储',2,'2026-06-07 03:46:28.593288',1),(11,'理解指针/引用链接关系；能够实现链表插入、删除、查找、反转、合并等常见操作。','2026-06-07 03:46:28.599284','掌握单链表、双向链表和循环链表的结构与操作。','MEDIUM',0x01,'单链表,双向链表,循环链表,指针','链表结构',3,'2026-06-07 03:46:28.599284',1),(12,'掌握顺序栈和链栈实现；应用于括号匹配、表达式求值、函数调用、深度优先遍历。','2026-06-07 03:46:28.606284','理解后进先出结构及其典型应用。','EASY',0x01,'栈,LIFO,括号匹配,表达式求值','栈',4,'2026-06-07 03:46:28.606284',1),(13,'掌握队列基本操作、循环队列判空判满、链队列实现，以及 BFS 等应用场景。','2026-06-07 03:46:28.612284','理解先进先出结构、循环队列和双端队列。','EASY',0x01,'队列,FIFO,循环队列,双端队列,BFS','队列',5,'2026-06-07 03:46:28.612284',1),(14,'掌握朴素匹配、KMP 的 next 数组思想，理解前缀后缀和失配跳转。','2026-06-07 03:46:28.618286','理解字符串存储和经典模式匹配算法。','MEDIUM',0x01,'字符串,KMP,模式匹配,next数组','串与模式匹配',6,'2026-06-07 03:46:28.618286',1),(15,'能够编写递归算法，分析递归复杂度；理解归并排序、快速排序、二分查找等分治思想。','2026-06-07 03:46:28.626284','掌握递归建模、递归出口和分治算法设计。','MEDIUM',0x01,'递归,分治,二分查找,主定理','递归与分治',7,'2026-06-07 03:46:28.626284',1),(16,'掌握树的表示方法、父子兄弟关系、树和二叉树之间的转换。','2026-06-07 03:46:28.632288','理解树、森林、节点度、层次、高度等基本概念。','EASY',0x01,'树,森林,节点,高度,度','树的基本概念',8,'2026-06-07 03:46:28.632288',1),(17,'能够用递归和非递归方式实现遍历；理解遍历序列恢复二叉树的条件。','2026-06-07 03:46:28.638289','掌握二叉树的先序、中序、后序和层序遍历。','MEDIUM',0x01,'二叉树,先序,中序,后序,层序','二叉树遍历',9,'2026-06-07 03:46:28.638289',1),(18,'掌握插入、查找、删除，分析平均和最坏复杂度，理解退化为链表的问题。','2026-06-07 03:46:28.644284','理解 BST 的有序性和动态查找操作。','MEDIUM',0x01,'BST,二叉搜索树,查找,删除','二叉搜索树',10,'2026-06-07 03:46:28.644284',1),(19,'掌握 AVL 旋转思想、红黑树性质和插入调整的大致流程，理解其在映射和集合中的应用。','2026-06-07 03:46:28.650285','理解平衡树维护高度的核心思想。','HARD',0x01,'AVL,红黑树,旋转,平衡树','平衡二叉树与红黑树',11,'2026-06-07 03:46:28.650285',1),(20,'理解大根堆、小根堆、上滤、下滤、建堆和堆排序；能够用堆实现 TopK 问题。','2026-06-07 03:46:28.657286','掌握堆结构及优先级调度应用。','MEDIUM',0x01,'堆,优先队列,堆排序,TopK','堆与优先队列',12,'2026-06-07 03:46:28.657286',1),(21,'掌握开放定址法、链地址法、再哈希；分析平均 O(1) 查询的条件和失效场景。','2026-06-07 03:46:28.663286','理解散列函数、冲突处理和装载因子。','MEDIUM',0x01,'哈希表,散列函数,冲突,装载因子','哈希表',13,'2026-06-07 03:46:28.663286',1),(22,'掌握邻接矩阵、邻接表、无向图、有向图、带权图的表示和复杂度差异。','2026-06-07 03:46:28.669286','理解图的顶点、边、路径、连通性及存储结构。','MEDIUM',0x01,'图,邻接矩阵,邻接表,有向图,无向图','图的基本概念与存储',14,'2026-06-07 03:46:28.669286',1),(23,'能够用 DFS/BFS 解决连通分量、路径搜索、拓扑层次等问题，并分析复杂度。','2026-06-07 03:46:28.675289','掌握深度优先搜索和广度优先搜索。','MEDIUM',0x01,'DFS,BFS,图遍历,连通分量','图的遍历',15,'2026-06-07 03:46:28.675289',1),(24,'掌握 Dijkstra、Bellman-Ford、Floyd 算法的适用条件、状态转移和复杂度。','2026-06-07 03:46:28.680292','理解单源和多源最短路径问题。','HARD',0x01,'Dijkstra,Bellman-Ford,Floyd,最短路径','最短路径算法',16,'2026-06-07 03:46:28.680292',1),(25,'理解 Kruskal 和 Prim 算法；掌握并查集在 Kruskal 中的作用。','2026-06-07 03:46:28.686291','掌握连通带权无向图的最小生成树算法。','HARD',0x01,'MST,Kruskal,Prim,并查集','最小生成树',17,'2026-06-07 03:46:28.686291',1),(26,'比较插入、选择、冒泡、希尔、归并、快速、堆排序的思想、复杂度和稳定性。','2026-06-07 03:46:28.691289','掌握常见内部排序算法及稳定性分析。','MEDIUM',0x01,'排序,稳定性,快速排序,归并排序,堆排序','排序算法基础',18,'2026-06-07 03:46:28.691289',1),(27,'理解有序表二分查找条件，能够分析查找成功和失败时的比较次数。','2026-06-07 03:46:28.697285','掌握顺序查找、折半查找和索引查找。','EASY',0x01,'查找,顺序查找,二分查找,索引','查找算法',19,'2026-06-07 03:46:28.697285',1),(28,'掌握活动选择、区间调度、哈夫曼编码等典型问题，理解贪心选择性质和最优子结构。','2026-06-07 03:46:28.702763','理解局部最优选择构造全局解的条件。','MEDIUM',0x01,'贪心,哈夫曼编码,区间调度,最优子结构','贪心算法',20,'2026-06-07 03:46:28.702763',1),(29,'能够设计状态、转移方程、初始化和遍历顺序；理解背包、最长公共子序列、最短路径类 DP。','2026-06-07 03:46:28.707581','掌握重叠子问题和最优子结构的建模方法。','HARD',0x01,'动态规划,状态转移,背包,LCS','动态规划',21,'2026-06-07 03:46:28.707581',1),(30,'掌握排列组合、N 皇后、子集枚举等问题的回溯模板和剪枝方法。','2026-06-07 03:46:28.712594','理解搜索空间树、约束条件和剪枝策略。','MEDIUM',0x01,'回溯,剪枝,搜索空间树,N皇后','回溯算法',22,'2026-06-07 03:46:28.712594',1),(31,'根据问题规模和操作特征选择合适结构；编写边界用例、压力测试并分析瓶颈。','2026-06-07 03:46:28.723596','综合运用数据结构选择、算法设计和复杂度分析解决问题。','HARD',0x01,'综合设计,复杂度,边界测试,性能分析','算法综合设计与测试',24,'2026-06-07 03:46:28.723596',1),(63,'软件工程关注用系统化、规范化、可度量的方法开发和维护软件，核心目标是提高质量、控制成本、降低风险并支撑长期演进。','2026-06-10 12:30:31.997964','理解软件工程的基本概念、目标和工程化价值。','EASY',0x01,'软件工程,工程化,软件质量','软件工程的定义与目标',1,'2026-06-10 12:30:31.997964',9),(64,'生命周期模型描述软件从构想到退役的阶段组织方式，不同模型在需求稳定性、风险控制、交付节奏和客户参与程度上各有侧重。','2026-06-10 12:30:31.997964','掌握瀑布、迭代、增量、螺旋和敏捷模型的适用场景。','MEDIUM',0x01,'生命周期,瀑布模型,迭代模型,敏捷','软件生命周期模型',2,'2026-06-10 12:30:31.997964',9),(65,'软件过程规定角色、活动、产物和质量门禁；过程改进通过度量、复盘和标准化实践提升组织交付能力。','2026-06-10 12:30:31.997964','了解软件过程、成熟度模型和持续改进思想。','MEDIUM',0x01,'软件过程,CMMI,过程改进','软件过程与过程改进',3,'2026-06-10 12:30:31.997964',9),(66,'软件系统会影响真实用户和社会环境，工程师需要在需求、设计、数据使用和发布决策中承担专业责任。','2026-06-10 12:30:31.997964','认识隐私、安全、公平和责任等工程伦理议题。','EASY',0x01,'工程伦理,隐私,安全','软件工程伦理',4,'2026-06-10 12:30:31.997964',9),(67,'现代软件交付依赖跨职能团队，清晰的角色边界、沟通机制和共同质量目标能减少返工与交付风险。','2026-06-10 12:30:31.997964','理解产品、开发、测试、运维和项目管理等角色协作方式。','EASY',0x01,'团队协作,角色分工,交付','软件项目角色与协作',5,'2026-06-10 12:30:31.997964',9),(68,'软件度量帮助团队理解交付状态和质量趋势，但指标应服务改进目标，避免只追求数字而忽略实际价值。','2026-06-10 12:30:31.997964','了解规模、进度、缺陷和质量相关度量指标。','MEDIUM',0x01,'软件度量,缺陷率,交付效率','软件度量基础',6,'2026-06-10 12:30:31.997964',9),(69,'需求获取要从不同利益相关者收集业务目标、痛点、约束和期望，并通过持续澄清减少理解偏差。','2026-06-10 12:30:31.997964','掌握访谈、问卷、观察、工作坊和原型等需求获取方式。','EASY',0x01,'需求获取,访谈,原型','需求获取方法',1,'2026-06-10 12:30:31.997964',10),(70,'利益相关者分析帮助团队理解谁会影响系统、谁会被系统影响，并平衡不同群体之间可能冲突的目标。','2026-06-10 12:30:31.997964','识别系统相关人、诉求和影响力。','MEDIUM',0x01,'利益相关者,用户角色,业务目标','利益相关者分析',2,'2026-06-10 12:30:31.997964',10),(71,'用户故事强调从用户价值描述功能，验收标准则定义完成边界，使开发、测试和业务对结果形成一致理解。','2026-06-10 12:30:31.997964','使用用户故事表达需求，并编写可验证的验收条件。','MEDIUM',0x01,'用户故事,验收标准,敏捷需求','用户故事与验收标准',3,'2026-06-10 12:30:31.997964',10),(72,'用例建模适合刻画外部参与者如何通过系统完成目标，重点是交互流程、前置条件、异常路径和后置结果。','2026-06-10 12:30:31.997964','用用例图和用例规约描述参与者与系统交互。','MEDIUM',0x01,'用例图,参与者,系统边界','用例建模',4,'2026-06-10 12:30:31.997964',10),(73,'领域模型抽象业务对象及其关系，是需求分析到系统设计之间的重要桥梁，可降低术语混乱和模型偏差。','2026-06-10 12:30:31.997964','通过概念类、属性和关系建立业务领域理解。','HARD',0x01,'领域模型,概念类,业务建模','领域模型',5,'2026-06-10 12:30:31.997964',10),(74,'高质量需求规格应具备正确性、完整性、一致性、可验证性和可追踪性，是后续设计、开发和测试的重要依据。','2026-06-10 12:30:31.997964','掌握 SRS 的结构、质量特征和评审要点。','MEDIUM',0x01,'SRS,需求规格,需求评审','需求规格说明书',6,'2026-06-10 12:30:31.997964',10),(75,'模块化设计通过稳定接口隔离变化，信息隐藏减少外部依赖细节，有助于提升系统可维护性和可演进性。','2026-06-10 12:30:31.997964','理解模块边界、内聚、耦合和信息隐藏原则。','MEDIUM',0x01,'模块化,信息隐藏,内聚耦合','模块化与信息隐藏',1,'2026-06-10 12:30:31.997964',11),(76,'SOLID 原则帮助类和模块保持单一职责、低耦合和可扩展，在复杂业务系统中尤其有助于控制变化成本。','2026-06-10 12:30:31.997964','掌握 SOLID 原则及其设计意义。','MEDIUM',0x01,'SOLID,面向对象,设计原则','面向对象设计原则',2,'2026-06-10 12:30:31.997964',11),(77,'设计模式是对常见设计问题的经验总结，使用时应结合上下文，避免为了套模式而增加不必要复杂度。','2026-06-10 12:30:31.997964','理解创建型、结构型和行为型设计模式的典型用途。','HARD',0x01,'设计模式,工厂模式,策略模式,观察者模式','常用设计模式',3,'2026-06-10 12:30:31.997964',11),(78,'分层架构通过职责隔离组织代码，常用于企业应用；清晰的依赖方向和边界能提升测试性与维护性。','2026-06-10 12:30:31.997964','掌握表现层、业务层、数据访问层的职责划分。','MEDIUM',0x01,'分层架构,业务层,数据访问层','分层架构',4,'2026-06-10 12:30:31.997964',11),(79,'微服务通过小型自治服务支撑复杂系统演进，但也引入分布式事务、观测性、运维复杂度等新挑战。','2026-06-10 12:30:31.997964','了解服务拆分、服务通信、数据独立和部署自治。','HARD',0x01,'微服务,服务拆分,分布式系统','微服务架构基础',5,'2026-06-10 12:30:31.997964',11),(80,'架构决策往往是质量属性之间的权衡，需要结合业务目标、约束条件和风险优先级进行取舍。','2026-06-10 12:30:31.997964','分析性能、可靠性、安全性、可维护性等质量属性权衡。','HARD',0x01,'质量属性,架构权衡,性能,可靠性','架构质量属性',6,'2026-06-10 12:30:31.997964',11),(81,'不同测试层次关注不同风险：单元测试验证局部逻辑，集成测试验证协作，系统和验收测试验证端到端业务价值。','2026-06-10 12:30:31.997964','理解单元、集成、系统和验收测试的区别。','EASY',0x01,'测试层次,单元测试,系统测试','测试基础与测试层次',1,'2026-06-10 12:30:31.997964',12),(82,'黑盒测试从输入输出和业务规则出发设计用例，适合验证需求是否被正确实现。','2026-06-10 12:30:31.997964','掌握等价类、边界值和判定表等测试设计方法。','MEDIUM',0x01,'黑盒测试,等价类,边界值','黑盒测试方法',2,'2026-06-10 12:30:31.997964',12),(83,'白盒测试基于代码结构设计用例，覆盖率能提示测试充分性，但高覆盖率并不等于高质量。','2026-06-10 12:30:31.997964','理解语句覆盖、分支覆盖、路径覆盖及覆盖率局限。','MEDIUM',0x01,'白盒测试,覆盖率,分支覆盖','白盒测试与覆盖率',3,'2026-06-10 12:30:31.997964',12),(84,'自动化测试通过稳定、可重复的方式降低回归成本，但需要维护成本、执行速度和可靠性之间取得平衡。','2026-06-10 12:30:31.997964','了解自动化测试框架、测试数据和持续执行。','MEDIUM',0x01,'自动化测试,回归测试,持续集成','自动化测试实践',4,'2026-06-10 12:30:31.997964',12),(85,'缺陷管理不仅记录问题，还帮助团队分析质量趋势、定位高风险模块并改进研发过程。','2026-06-10 12:30:31.997964','掌握缺陷提交、确认、修复、验证和关闭流程。','EASY',0x01,'缺陷管理,缺陷生命周期,质量改进','缺陷生命周期',5,'2026-06-10 12:30:31.997964',12),(86,'质量保证强调通过过程、标准、评审和度量预防问题，而不只是依赖测试在最后阶段发现问题。','2026-06-10 12:30:31.997964','理解 QA、评审、度量和过程改进之间的关系。','MEDIUM',0x01,'质量保证,评审,持续改进','质量保证与持续改进',6,'2026-06-10 12:30:31.997964',12),(87,'敏捷强调个体协作、可工作的软件、客户合作和响应变化，适合需求持续演化且需要快速反馈的项目环境。','2026-06-10 12:30:31.997964','理解敏捷价值观以及快速反馈、拥抱变化的核心思想。','EASY',0x01,'敏捷宣言,敏捷原则,反馈','敏捷宣言与原则',1,'2026-06-10 12:30:31.997964',13),(88,'Scrum 通过固定迭代、产品待办列表、每日站会、评审和回顾帮助团队持续交付与改进。','2026-06-10 12:30:31.997964','掌握产品负责人、Scrum Master、开发团队和事件工件。','MEDIUM',0x01,'Scrum,Sprint,产品待办列表','Scrum 框架',2,'2026-06-10 12:30:31.997964',13),(89,'Kanban 使用可视化工作流和 WIP 限制暴露瓶颈，帮助团队提升交付流动性和响应速度。','2026-06-10 12:30:31.997964','了解看板、在制品限制和流动效率。','MEDIUM',0x01,'Kanban,看板,WIP','Kanban 与可视化管理',3,'2026-06-10 12:30:31.997964',13),(90,'敏捷估算关注相对复杂度和团队经验，迭代计划需要结合容量、优先级和风险做可交付承诺。','2026-06-10 12:30:31.997964','学习故事点、计划扑克和速度等敏捷估算方法。','MEDIUM',0x01,'故事点,估算,迭代计划','迭代计划与估算',4,'2026-06-10 12:30:31.997964',13),(91,'风险管理包括识别、分析、优先级排序、应对和跟踪，目标是在问题发生前降低影响或准备预案。','2026-06-10 12:30:31.997964','识别技术、进度、需求和人员风险并制定应对策略。','MEDIUM',0x01,'风险管理,项目计划,风险应对','项目风险管理',5,'2026-06-10 12:30:31.997964',13),(92,'CI/CD 通过频繁集成、自动验证和可重复部署降低发布风险，是现代软件团队提高交付效率的重要实践。','2026-06-10 12:30:31.997964','理解 CI/CD 流水线、自动化构建、测试和发布。','HARD',0x01,'CI,CD,持续集成,持续交付','持续集成与持续交付',6,'2026-06-10 12:30:31.997964',13),(94,'面向对象分析强调从业务实体和行为中抽象对象，用类描述共同结构，用对象实例表达运行时状态。','2026-06-10 12:47:20.876433','理解对象、类、属性、方法和抽象边界。','EASY',0x01,'对象,类,抽象','对象与类的抽象',1,'2026-06-10 12:47:20.876433',16),(95,'UML 类图用于表达静态结构，帮助团队讨论领域对象、代码结构和模块关系。','2026-06-10 12:47:20.876433','掌握类、接口、关联、聚合、组合、泛化和依赖关系。','MEDIUM',0x01,'UML,类图,关系建模','UML 类图',2,'2026-06-10 12:47:20.876433',16),(96,'顺序图突出时间顺序和参与对象，适合分析用例实现路径和服务调用链路。','2026-06-10 12:47:20.876433','使用顺序图表达对象之间的消息传递和职责协作。','MEDIUM',0x01,'顺序图,对象协作,消息','顺序图与对象协作',3,'2026-06-10 12:47:20.876433',16),(97,'合理分配职责能降低耦合、提升内聚，使对象协作更清晰，系统变化时影响范围更可控。','2026-06-10 12:47:20.876433','学习 GRASP 等职责分配思想。','HARD',0x01,'GRASP,职责分配,低耦合','职责分配原则',4,'2026-06-10 12:47:20.876433',16),(98,'接口和多态能让调用方依赖稳定抽象，支持替换实现、扩展行为和测试隔离。','2026-06-10 12:47:20.876433','理解接口隔离、依赖倒置和运行时多态。','MEDIUM',0x01,'接口,多态,依赖倒置','接口与多态设计',5,'2026-06-10 12:47:20.876433',16),(99,'可测试设计要求业务逻辑具备清晰输入输出，外部依赖可替换，副作用可隔离。','2026-06-10 12:47:20.876433','从依赖管理、边界隔离和单元测试角度改进设计。','MEDIUM',0x01,'可测试性,单元测试,依赖注入','可测试设计',6,'2026-06-10 12:47:20.876433',16),(100,'版本控制记录软件制品的演进过程，是团队协作、回溯问题和发布管理的基础。','2026-06-10 12:47:20.876433','理解仓库、提交、分支、标签和变更历史。','EASY',0x01,'Git,版本控制,提交','版本控制基础',1,'2026-06-10 12:47:20.876433',17),(101,'分支策略需要匹配团队规模、发布节奏和质量门禁，目标是减少集成风险和发布阻塞。','2026-06-10 12:47:20.876433','掌握主干开发、Git Flow 和发布分支等策略。','MEDIUM',0x01,'分支策略,Git Flow,主干开发','分支策略',2,'2026-06-10 12:47:20.876433',17),(102,'稳定构建要求环境一致、依赖可追踪、产物可复现，制品管理保障部署来源清晰。','2026-06-10 12:47:20.876433','了解构建脚本、依赖锁定和制品仓库。','MEDIUM',0x01,'构建,制品仓库,依赖管理','构建与制品管理',3,'2026-06-10 12:47:20.876433',17),(103,'流水线把质量门禁前移，用自动化反馈缩短问题发现时间，并降低人工发布风险。','2026-06-10 12:47:20.876433','设计自动化检查、构建、测试、发布流水线。','HARD',0x01,'CI/CD,流水线,自动化发布','CI/CD 流水线设计',4,'2026-06-10 12:47:20.876433',17),(104,'环境配置应外置并可审计，敏感信息需要安全管理，避免把密钥写入代码仓库。','2026-06-10 12:47:20.876433','区分代码、配置、密钥和运行环境。','MEDIUM',0x01,'配置管理,环境变量,密钥','环境与配置管理',5,'2026-06-10 12:47:20.876433',17),(105,'可观测性帮助团队理解系统运行状态，快速定位故障，并以数据驱动稳定性改进。','2026-06-10 12:47:20.876433','理解日志、指标、链路追踪和告警。','MEDIUM',0x01,'日志,指标,链路追踪,告警','可观测性基础',6,'2026-06-10 12:47:20.876433',17),(106,'维护是软件生命周期中持续时间最长的阶段，不同维护类型对应不同目标和风险。','2026-06-10 12:47:20.876433','区分纠错性、适应性、完善性和预防性维护。','EASY',0x01,'软件维护,纠错,适应性维护','软件维护类型',1,'2026-06-10 12:47:20.876433',18),(107,'遗留系统理解需要结合代码、数据、日志和用户流程，避免只凭局部代码做高风险修改。','2026-06-10 12:47:20.876433','学习代码阅读、架构复原和业务规则梳理。','MEDIUM',0x01,'遗留系统,架构复原,代码阅读','遗留系统理解',2,'2026-06-10 12:47:20.876433',18),(108,'重构是在不改变外部行为的前提下改善内部结构，通常需要测试保护和小步提交。','2026-06-10 12:47:20.876433','掌握重命名、抽取方法、移动职责和消除重复等重构手法。','MEDIUM',0x01,'重构,代码异味,小步提交','重构技术',3,'2026-06-10 12:47:20.876433',18),(109,'技术债不是所有不完美代码，而是未来需要偿还的工程成本，治理要结合业务价值和风险。','2026-06-10 12:47:20.876433','识别技术债来源、成本和治理优先级。','MEDIUM',0x01,'技术债,治理,工程成本','技术债治理',4,'2026-06-10 12:47:20.876433',18),(110,'系统演化需要保护已有用户和数据，兼容策略、迁移脚本和回滚方案缺一不可。','2026-06-10 12:47:20.876433','理解接口兼容、数据迁移和灰度发布。','HARD',0x01,'兼容性,数据迁移,灰度发布','兼容性与迁移',5,'2026-06-10 12:47:20.876433',18),(111,'演化度量帮助团队识别高风险模块和维护热点，为重构和测试投入提供依据。','2026-06-10 12:47:20.876433','使用变更频率、缺陷密度和复杂度等指标观察演化风险。','MEDIUM',0x01,'复杂度,缺陷密度,变更频率','演化度量',6,'2026-06-10 12:47:20.876433',18),(112,'安全需求需要在需求阶段明确资产、威胁、信任边界和风险接受标准。','2026-06-10 12:47:20.876433','识别保密性、完整性、可用性和合规需求。','MEDIUM',0x01,'安全需求,CIA,合规','安全需求分析',1,'2026-06-10 12:47:20.876433',19),(113,'威胁建模通过系统化方式分析攻击面，帮助团队在设计阶段提前发现安全缺口。','2026-06-10 12:47:20.876433','学习 STRIDE 等威胁识别方法。','HARD',0x01,'威胁建模,STRIDE,攻击面','威胁建模',2,'2026-06-10 12:47:20.876433',19),(114,'认证确认用户是谁，授权决定能做什么；二者需要配合最小权限和安全会话管理。','2026-06-10 12:47:20.876433','理解身份认证、访问控制、会话和令牌安全。','MEDIUM',0x01,'认证,授权,访问控制,JWT','认证与授权',3,'2026-06-10 12:47:20.876433',19),(115,'常见漏洞往往来自输入不可信、边界检查不足和权限验证缺失，需要从编码和测试两侧防护。','2026-06-10 12:47:20.876433','了解注入、XSS、CSRF、越权和文件上传风险。','MEDIUM',0x01,'SQL注入,XSS,CSRF,越权','常见 Web 漏洞',4,'2026-06-10 12:47:20.876433',19),(116,'安全编码把防护落到实现细节，避免敏感信息泄露、异常暴露和不安全默认配置。','2026-06-10 12:47:20.876433','掌握输入校验、输出编码、错误处理和密钥保护。','MEDIUM',0x01,'安全编码,输入校验,密钥保护','安全编码实践',5,'2026-06-10 12:47:20.876433',19),(117,'安全测试应嵌入流水线，结合自动化扫描和人工审计，持续发现和修复安全风险。','2026-06-10 12:47:20.876433','了解 SAST、DAST、依赖扫描和代码审计。','HARD',0x01,'SAST,DAST,依赖扫描,代码审计','安全测试与审计',6,'2026-06-10 12:47:20.876433',19),(118,'好的项目选题应具备明确用户价值、合理复杂度和可验证交付目标。','2026-06-10 12:47:20.876433','定义项目目标、用户群体、范围和约束。','EASY',0x01,'项目选题,范围,用户价值','团队项目选题',1,'2026-06-10 12:47:20.876433',20),(119,'项目计划需要把目标拆成可跟踪任务，并通过分工、节奏和风险管理保障交付。','2026-06-10 12:47:20.876433','制定里程碑、任务拆分和角色职责。','MEDIUM',0x01,'项目计划,任务拆分,角色分工','项目计划与分工',2,'2026-06-10 12:47:20.876433',20),(120,'工程文档不是形式材料，而是支撑沟通、维护、验收和知识传承的重要资产。','2026-06-10 12:47:20.876433','整理需求、设计、测试、部署和用户文档。','MEDIUM',0x01,'工程文档,需求文档,设计文档','工程文档交付',3,'2026-06-10 12:47:20.876433',20),(121,'代码评审关注正确性、可维护性、安全性和团队知识共享，应以建设性反馈促进质量提升。','2026-06-10 12:47:20.876433','学习评审目标、检查清单和反馈方式。','MEDIUM',0x01,'代码评审,检查清单,质量','代码评审实践',4,'2026-06-10 12:47:20.876433',20),(122,'部署和演示是项目价值呈现的关键环节，需要稳定环境、清晰流程和可复现结果。','2026-06-10 12:47:20.876433','完成部署准备、演示脚本和验收材料。','MEDIUM',0x01,'部署,演示,验收','部署与演示',5,'2026-06-10 12:47:20.876433',20),(123,'复盘帮助团队总结经验、暴露问题并形成下一轮改进计划，是工程能力持续成长的重要机制。','2026-06-10 12:47:20.876433','复盘目标达成、过程问题和改进措施。','EASY',0x01,'复盘,持续改进,团队协作','项目复盘',6,'2026-06-10 06:45:08.909398',20);

INSERT INTO `question` (`id`, `answer`, `content`, `create_time`, `difficulty`, `enabled`, `explanation`, `is_ai_generated`, `options`, `score`, `tags`, `title`, `type`, `update_time`, `knowledge_point_id`) VALUES (1,'A','线段树主要用于解决哪些问题？','2026-06-05 03:15:51.271695','EASY',0x01,'线段树是一种高级数据结构，主要用于解决动态区间查询和修改的问题。',1,'[{\"key\":\"A\",\"value\":\"区间查询与修改\"},{\"key\":\"B\",\"value\":\"图的遍历\"},{\"key\":\"C\",\"value\":\"字符串匹配\"},{\"key\":\"D\",\"value\":\"排序\"}]',2,'线段树,数据结构','线段树的基本概念','SINGLE_CHOICE','2026-06-05 03:15:51.271695',1),(2,'C','线段树的构建时间复杂度是多少？','2026-06-05 03:15:51.289727','EASY',0x01,'构建线段树的时间复杂度为 O(n log n)，因为需要处理每个节点的合并操作。',1,'[{\"key\":\"A\",\"value\":\"O(n)\"},{\"key\":\"B\",\"value\":\"O(log n)\"},{\"key\":\"C\",\"value\":\"O(n log n)\"},{\"key\":\"D\",\"value\":\"O(n^2)\"}]',3,'线段树,时间复杂度','线段树的构建','SINGLE_CHOICE','2026-06-05 03:15:51.289727',1),(3,'A','下列哪种情况最适合使用线段树？','2026-06-05 03:15:51.303103','EASY',0x01,'线段树非常适合用于动态区间查询，如查找数组中的最大值。',1,'[{\"key\":\"A\",\"value\":\"寻找数组中的最大值\"},{\"key\":\"B\",\"value\":\"查找链表中的环\"},{\"key\":\"C\",\"value\":\"图的最短路径\"},{\"key\":\"D\",\"value\":\"字符串的最长公共子串\"}]',1,'线段树,应用','线段树的应用场景','SINGLE_CHOICE','2026-06-05 03:15:51.303103',1),(4,'A,C','线段树主要用于处理哪些类型的问题？','2026-06-05 03:16:23.987401','EASY',0x01,'线段树主要用于处理区间相关的问题，如区间最小值查询和区间和查询，选项B和D与线段树无关。',1,'[{\"key\":\"A\",\"value\":\"区间最小值查询\"},{\"key\":\"B\",\"value\":\"排序\"},{\"key\":\"C\",\"value\":\"区间和查询\"},{\"key\":\"D\",\"value\":\"哈希表查找\"}]',3,'线段树,数据结构','线段树的基本概念','MULTIPLE_CHOICE','2026-06-05 03:16:23.987401',1),(5,'A,C','构建线段树的时间复杂度是多少？','2026-06-05 03:16:24.004502','EASY',0x01,'构建线段树的时间复杂度为O(n)到O(n log n)，具体取决于实现方式，通常认为是O(n)。',1,'[{\"key\":\"A\",\"value\":\"O(n)\"},{\"key\":\"B\",\"value\":\"O(log n)\"},{\"key\":\"C\",\"value\":\"O(n log n)\"},{\"key\":\"D\",\"value\":\"O(n^2)\"}]',4,'线段树,时间复杂度','线段树的构建','MULTIPLE_CHOICE','2026-06-05 03:16:24.004502',1),(6,'A,B,D','下列哪些操作可以通过线段树有效实现？','2026-06-05 03:16:24.013948','EASY',0x01,'线段树可以高效支持区间更新和区间查询，也可以进行点更新，但与图的最短路径计算无关。',1,'[{\"key\":\"A\",\"value\":\"区间更新\"},{\"key\":\"B\",\"value\":\"点更新\"},{\"key\":\"C\",\"value\":\"图的最短路径\"},{\"key\":\"D\",\"value\":\"区间查询\"}]',5,'线段树,应用场景','线段树的应用场景','MULTIPLE_CHOICE','2026-06-05 03:16:24.013948',1),(7,'区间','线段树是一种用于处理线段范围查询的数据结构，它的基本操作包括构建树、查询和更新。在一棵线段树中，每个节点代表一个______。','2026-06-05 03:16:37.526185','EASY',0x01,'在线段树中，每个节点存储的是一个区间的信息，可以用于高效地进行范围查询和更新。',1,NULL,2,'线段树,数据结构','线段树基本概念','FILL_BLANK','2026-06-05 03:16:37.526185',1),(8,'O(n)','构建线段树的时间复杂度为______。','2026-06-05 03:16:37.537739','EASY',0x01,'构建线段树的时间复杂度是O(n)，其中n是数组的长度。',1,NULL,3,'线段树,复杂度分析','线段树构建时间复杂度','FILL_BLANK','2026-06-05 03:16:37.537739',1),(9,'O(log n)','在单次查询操作中，线段树能够以______的时间复杂度返回区间和。','2026-06-05 03:16:37.546418','EASY',0x01,'线段树的查询操作可以在O(log n)时间内完成，这是因为树的高度为log n，查询可以通过向下遍历树来完成。',1,NULL,1,'线段树,查询操作','线段树查询操作','FILL_BLANK','2026-06-05 03:16:37.546418',1),(10,'A','线段树的内存复杂度通常为O(n)，其中n为元素的数量，因此可以高效地进行范围查询和更新。','2026-06-05 03:16:58.178013','HARD',0x01,'线段树的内存复杂度确实为O(n)，这使得它在处理动态数据时非常高效。',1,'[{\"key\":\"A\",\"value\":\"正确\"},{\"key\":\"B\",\"value\":\"错误\"}]',4,'线段树,数据结构','线段树的内存复杂度','TRUE_FALSE','2026-06-05 03:16:58.178013',1),(11,'B','线段树只能用于静态数据集，对于动态数据集的查询和更新非常不适合。','2026-06-05 03:16:58.190602','HARD',0x01,'线段树不仅适用于静态数据集，也非常适合动态数据集，能够高效地进行更新和查询。',1,'[{\"key\":\"A\",\"value\":\"正确\"},{\"key\":\"B\",\"value\":\"错误\"}]',2,'线段树,查询,更新','线段树的适用范围','TRUE_FALSE','2026-06-05 03:16:58.190602',1),(12,'B','构建线段树的时间复杂度为O(n log n)，因此对于大规模数据集的处理效率较低。','2026-06-05 03:16:58.199266','HARD',0x01,'线段树的构建时间复杂度为O(n)，这是因为每个节点的构建都是一次O(1)的操作，整个树的高度为log n。',1,'[{\"key\":\"A\",\"value\":\"正确\"},{\"key\":\"B\",\"value\":\"错误\"}]',3,'线段树,效率,时间复杂度','线段树的构建时间复杂度','TRUE_FALSE','2026-06-05 03:16:58.199266',1),(13,'B','线段树的构建时间复杂度是怎样的？','2026-06-05 03:17:22.555177','HARD',0x01,'线段树的构建时间复杂度为O(n log n)，因为需要将每个节点与它的左右子树组合起来。',1,'[{\"key\":\"A\",\"value\":\"O(n)\"},{\"key\":\"B\",\"value\":\"O(n log n)\"},{\"key\":\"C\",\"value\":\"O(log n)\"},{\"key\":\"D\",\"value\":\"O(n^2)\"}]',6,'线段树,算法','线段树的构建时间复杂度','SINGLE_CHOICE','2026-06-05 03:17:22.555177',1),(14,'B','线段树最主要的作用是什么？','2026-06-05 03:17:22.568371','HARD',0x01,'线段树最主要的作用是用于高效地进行区间求和等操作，可以在O(log n)的时间内完成。',1,'[{\"key\":\"A\",\"value\":\"实现查找最大值\"},{\"key\":\"B\",\"value\":\"实现区间求和\"},{\"key\":\"C\",\"value\":\"实现排序\"},{\"key\":\"D\",\"value\":\"实现图的遍历\"}]',5,'线段树,数据结构','线段树的作用','SINGLE_CHOICE','2026-06-05 03:17:22.568371',1),(15,'A','树状数组是一个适用于处理某些类型的动态数据结构，主要用于支持高效的前缀和计算。以下哪项是树状数组的主要优点？','2026-06-05 03:17:40.731068','MEDIUM',0x01,'树状数组的主要优点在于它支持高效的前缀和计算，通过对数时间复杂度实现区间更新和查询。',1,'[{\"key\":\"A\",\"value\":\"支持高效的区间更新和查询\"},{\"key\":\"B\",\"value\":\"可以动态调整大小\"},{\"key\":\"C\",\"value\":\"内存使用比线段树更少\"},{\"key\":\"D\",\"value\":\"操作复杂度优于O(log n)\"}]',4,'树状数组,数据结构','树状数组的基本概念','SINGLE_CHOICE','2026-06-05 03:17:40.731068',2),(16,'A','在以下哪种情况下使用树状数组会比较合适？','2026-06-05 03:17:40.744398','MEDIUM',0x01,'树状数组适合用于频繁进行区间求和查询的场景，因为它可以在对数时间内完成这类操作。',1,'[{\"key\":\"A\",\"value\":\"频繁进行区间求和查询\"},{\"key\":\"B\",\"value\":\"需要频繁插入和删除\"},{\"key\":\"C\",\"value\":\"需要支持快速排序\"},{\"key\":\"D\",\"value\":\"用于图的遍历\"}]',3,'树状数组,应用场景','树状数组应用场景','SINGLE_CHOICE','2026-06-05 03:17:40.744398',2),(17,'A,C','以下关于树状数组的说法中，哪些是正确的？','2026-06-05 03:17:55.855584','MEDIUM',0x01,'A项正确，树状数组可以在O(log n)时间内更新元素。B项错误，前缀和查询的时间复杂度为O(log n)。C项正确，空间复杂度为O(n)。D项错误，树状数组可以存储不同类型的数据。',1,'[{\"key\":\"A\",\"value\":\"树状数组可以在O(log n)时间内更新一个元素的值\"},{\"key\":\"B\",\"value\":\"树状数组支持前缀和查询，时间复杂度为O(n)\"},{\"key\":\"C\",\"value\":\"树状数组的空间复杂度为O(n)\"},{\"key\":\"D\",\"value\":\"树状数组只能用于存储整数数据\"}]',5,'数据结构,树状数组','树状数组的基本操作','MULTIPLE_CHOICE','2026-06-05 03:17:55.855584',2),(18,'A,D','针对树状数组的应用，以下哪些描述是正确的？','2026-06-05 03:17:55.871648','MEDIUM',0x01,'A项正确，树状数组适合解决区间更新和查询。B项错误，树状数组通常是基于数组实现的。C项错误，动态数组的处理不是树状数组的强项。D项正确，树状数组可以用于逆序对的计算。',1,'[{\"key\":\"A\",\"value\":\"树状数组可以用于解决区间更新和区间查询的问题\"},{\"key\":\"B\",\"value\":\"树状数组适用于链式存储结构的实现\"},{\"key\":\"C\",\"value\":\"树状数组在处理动态数组时效率较高\"},{\"key\":\"D\",\"value\":\"树状数组可以用于计算逆序对的数量\"}]',7,'数据结构,树状数组应用','树状数组的应用','MULTIPLE_CHOICE','2026-06-05 03:17:55.871648',2),(19,'树状数组（或称为Fenwick Tree）是一种用于高效计算前缀和的数据结构。其基本原理是将数组分成多个区间，然后利用二进制表示来维护这些区间的和。树状数组的插入和查询操作的时间复杂度均为O(log n)，这使得其相比于传统的O(n)的前缀和计算具有了很大的效率提升。树状数组尤其适用于需要频繁更新的场景，比如在动态数组中计算前缀和。此外，它可以扩展用于实现一些其他复杂操作，如区间求和和单点更新等。在实践中，树状数组被广泛应用于高频率的统计问题、在线贪心算法、以及处理动态实数序列等场景中，展示了其优秀的时间复杂度性能和空间效率。','讨论树状数组的数据结构原理、其在处理动态前缀和时的效率，以及在具体应用场景中的优势。','2026-06-05 03:18:21.379328','MEDIUM',0x01,'树状数组的设计思路结合了二进制操作和数组索引特性，使得在许多需要频繁查询和更新的场景下变得更为高效。通过理解其基本原理和应用场景，可以更好地选择合适的数据结构来解决问题。',1,NULL,12,'树状数组,数据结构,算法','树状数组的基本原理与应用','ESSAY','2026-06-05 03:18:21.379328',2),(20,'树状数组和线段树都是用于处理动态数组查询与更新的问题，但它们在实现和功能上有着显著的不同。树状数组是一种较为简单的数据结构，主要用于实现前缀和和单点更新，其时间复杂度为O(log n)。相比之下，线段树则更加灵活，支持更复杂的区间查询和更新，比如区间求和、区间最小值、区间最大值等，但其实现相对复杂，时间复杂度在常见操作上也为O(log n)。树状数组在空间使用上更为节省，适合只需要进行简单查询的场景，而线段树则适合那些需要频繁进行区间操作的复杂应用。综上所述，选择哪种数据结构应根据具体应用的需求而定，树状数组在简单场合下更为高效，而线段树则在复杂查询中表现更优。','对比树状数组与线段树在功能和实现上的差异，讨论它们各自的优缺点以及适用场景。','2026-06-05 03:18:21.392390','MEDIUM',0x01,'总的来说，树状数组和线段树各自有其优势与局限，深入理解用于选择合适的结构对于解决复杂问题至关重要。树状数组在实现上简单，有良好的性能，而线段树适用于更复杂的需求和查询，不同场景应该合理选择。',1,NULL,10,'树状数组,线段树,数据结构','树状数组与线段树的比较','ESSAY','2026-06-05 03:18:21.392390',2),(21,'树套树是一种数据结构，通过嵌套或构造树的树结构来管理和表示数据。其应用通常在处理复杂的层次结构数据，如文件系统、组织结构图等。','请简要描述树套树的概念以及它在高等数据结构中的典型应用。','2026-06-05 03:18:56.704321','HARD',0x01,'树套树通过将一棵树嵌入到另一个树的节点中，可以高效地表示和操作复杂的数据层次结构。在实际应用中，如数据库管理系统、编译器设计等，发挥重要作用。',1,NULL,15,'数据结构,树套树','树套树的定义与应用','SHORT_ANSWER','2026-06-05 03:18:56.704321',3),(22,'操作的时间复杂度依赖于树的深度和节点数量。比如，在查找某个节点时，时间复杂度为O(h)，其中h为树的高度。','在使用树套树结构时，如何分析其操作的时间复杂度？请给出具体例子并说明。','2026-06-05 03:18:56.718377','HARD',0x01,'实际应用中，树的高度影响查找、插入和删除操作的效率。通过平衡树的结构，可以降低高度，提高操作效率，确保复杂度保持在较低水平。',1,NULL,12,'时间复杂度,数据结构分析','树套树的时间复杂度分析','SHORT_ANSWER','2026-06-05 03:18:56.718377',3),(23,'A,C','优先队列是一种什么样的数据结构？','2026-06-05 03:19:24.869338','EASY',0x01,'优先队列允许具有不同优先级的元素，并且元素类型可以是任意的。',1,'[{\"key\":\"A\",\"value\":\"支持优先级的元素\"},{\"key\":\"B\",\"value\":\"元素只能是数值型\"},{\"key\":\"C\",\"value\":\"元素可以是任意类型\"},{\"key\":\"D\",\"value\":\"是线性结构\"}]',3,'优先队列,数据结构','优先队列的基本概念','MULTIPLE_CHOICE','2026-06-05 03:19:24.869338',5),(24,'A,B,C','优先队列通常可以通过哪些方式实现？','2026-06-05 03:19:24.884901','EASY',0x01,'优先队列可以通过数组、链表或堆来实现，但不适合使用栈。',1,'[{\"key\":\"A\",\"value\":\"数组\"},{\"key\":\"B\",\"value\":\"链表\"},{\"key\":\"C\",\"value\":\"堆\"},{\"key\":\"D\",\"value\":\"栈\"}]',4,'优先队列,实现方式','优先队列的实现方式','MULTIPLE_CHOICE','2026-06-05 03:19:24.884901',5),(25,'A,B,C,D','优先队列支持哪些基本操作？','2026-06-05 03:19:24.893125','EASY',0x01,'优先队列支持插入、删除、获取优先级最高元素和清空队列等基本操作。',1,'[{\"key\":\"A\",\"value\":\"插入元素\"},{\"key\":\"B\",\"value\":\"删除元素\"},{\"key\":\"C\",\"value\":\"获取最高优先级元素\"},{\"key\":\"D\",\"value\":\"清空队列\"}]',5,'优先队列,基本操作','优先队列的操作','MULTIPLE_CHOICE','2026-06-05 03:19:24.893125',5),(26,'A,B,C','以下哪些是优先队列的常见应用场景？','2026-06-05 03:19:24.901641','EASY',0x01,'优先队列常用于任务调度、路径寻优和数据排序等场景。',1,'[{\"key\":\"A\",\"value\":\"任务调度\"},{\"key\":\"B\",\"value\":\"路径寻优\"},{\"key\":\"C\",\"value\":\"数据排序\"},{\"key\":\"D\",\"value\":\"图遍历\"}]',2,'优先队列,应用场景','优先队列应用场景','MULTIPLE_CHOICE','2026-06-05 03:19:24.901641',5),(27,'A,B','关于优先队列的性质，以下哪些说法是正确的？','2026-06-05 03:19:24.914879','EASY',0x01,'优先队列中，优先级相同的元素处理顺序不确定，优先级高的元素先被处理，其他说法是不正确的。',1,'[{\"key\":\"A\",\"value\":\"优先级相同的元素的顺序不确定\"},{\"key\":\"B\",\"value\":\"优先级高的元素先被处理\"},{\"key\":\"C\",\"value\":\"优先队列是一种先进先出结构\"},{\"key\":\"D\",\"value\":\"优先队列不能包含重复元素\"}]',4,'优先队列,性质','优先队列的性质','MULTIPLE_CHOICE','2026-06-05 03:19:24.914879',5),(28,'A','优先队列是一种特殊的数据结构，它和普通队列有什么主要区别？','2026-06-05 03:20:20.868836','MEDIUM',0x01,'优先队列的主要特征是其内部元素是按照优先级进行排序，而不是传统队列的先进先出 (FIFO) 规则。',1,'[{\"key\":\"A\",\"value\":\"优先队列中的元素按照优先级排序\"},{\"key\":\"B\",\"value\":\"优先队列只能存储相同类型的数据\"},{\"key\":\"C\",\"value\":\"优先队列不允许重复元素\"},{\"key\":\"D\",\"value\":\"优先队列只能使用数组实现\"}]',4,'优先队列,数据结构','优先队列的基本概念','SINGLE_CHOICE','2026-06-05 03:20:20.868836',5),(29,'A','在以下哪种应用场景中，优先队列最为适用？','2026-06-05 03:20:20.881525','MEDIUM',0x01,'优先队列非常适合处理实时任务调度，因为它能根据任务的优先级来管理和调度任务。',1,'[{\"key\":\"A\",\"value\":\"处理实时任务调度\"},{\"key\":\"B\",\"value\":\"用户输入输出\"},{\"key\":\"C\",\"value\":\"简单的存储管理\"},{\"key\":\"D\",\"value\":\"重复数据过滤\"}]',3,'优先队列,应用场景','优先队列的应用场景','SINGLE_CHOICE','2026-06-05 03:20:20.881525',5),(30,'C','通常优先队列的实现可以使用哪种数据结构来达到高效的性能？','2026-06-05 03:20:20.891585','MEDIUM',0x01,'优先队列通常使用堆（最小堆或最大堆）来实现，具有较高的插入和删除效率。',1,'[{\"key\":\"A\",\"value\":\"链表\"},{\"key\":\"B\",\"value\":\"数组\"},{\"key\":\"C\",\"value\":\"堆\"},{\"key\":\"D\",\"value\":\"栈\"}]',5,'优先队列,数据结构','优先队列的实现','SINGLE_CHOICE','2026-06-05 03:20:20.891585',5),(31,'B','使用二叉堆实现优先队列时，插入操作的时间复杂度为多少？','2026-06-05 03:20:20.909500','MEDIUM',0x01,'在使用二叉堆实现优先队列时，插入操作的时间复杂度为 O(log n)。',1,'[{\"key\":\"A\",\"value\":\"O(1)\"},{\"key\":\"B\",\"value\":\"O(log n)\"},{\"key\":\"C\",\"value\":\"O(n)\"},{\"key\":\"D\",\"value\":\"O(n log n)\"}]',2,'优先队列,时间复杂度','优先队列的时间复杂度','SINGLE_CHOICE','2026-06-05 03:20:20.909500',5),(32,'C','从优先队列中删除最高优先级元素的操作通常是什么？','2026-06-05 03:20:20.922303','MEDIUM',0x01,'在优先队列中，通过 remove 操作可以删除当前最高优先级的元素。',1,'[{\"key\":\"A\",\"value\":\"peek\"},{\"key\":\"B\",\"value\":\"insert\"},{\"key\":\"C\",\"value\":\"remove\"},{\"key\":\"D\",\"value\":\"enqueue\"}]',1,'优先队列,操作','优先队列的删除操作','SINGLE_CHOICE','2026-06-05 03:20:20.922303',5),(33,'A,D','并查集中，下面哪个操作的时间复杂度是近乎常数的？','2026-06-05 03:33:24.609924','MEDIUM',0x01,'查找操作和路径压缩操作的时间复杂度是近乎常数的，因而选择A和D。',1,'[{\"key\":\"A\",\"value\":\"查找操作\"},{\"key\":\"B\",\"value\":\"合并操作\"},{\"key\":\"C\",\"value\":\"初始化操作\"},{\"key\":\"D\",\"value\":\"路径压缩操作\"}]',5,'并查集,算法','并查集的基本操作','MULTIPLE_CHOICE','2026-06-05 03:33:24.609924',6),(34,'A,C,D','以下哪些场景可以使用并查集算法解决？','2026-06-05 03:33:24.627806','MEDIUM',0x01,'并查集可以用于解决网络连通性、动态连通性以及社交网络的相关问题。',1,'[{\"key\":\"A\",\"value\":\"网络连通性\"},{\"key\":\"B\",\"value\":\"图的最短路径\"},{\"key\":\"C\",\"value\":\"动态连通性\"},{\"key\":\"D\",\"value\":\"社交网络\"},{\"key\":\"E\",\"value\":\"拓扑排序\"}]',6,'并查集,应用','并查集的应用场景','MULTIPLE_CHOICE','2026-06-05 03:33:24.627806',6),(35,'A,C','路径压缩在并查集中的作用是什么？','2026-06-05 03:33:24.636929','MEDIUM',0x01,'路径压缩的主要作用是提高查找速度和辅助合并集合，减少树的高度。',1,'[{\"key\":\"A\",\"value\":\"提高查找速度\"},{\"key\":\"B\",\"value\":\"减少内存占用\"},{\"key\":\"C\",\"value\":\"合并集合\"},{\"key\":\"D\",\"value\":\"延长树的高度\"}]',7,'并查集,优化','路径压缩的作用','MULTIPLE_CHOICE','2026-06-05 03:33:24.636929',6),(36,'A,B,D','并查集在处理图相关问题时，可以用来实现哪些功能？','2026-06-05 03:33:24.645151','MEDIUM',0x01,'并查集可以用来检测图中的环路、构造最小生成树以及查找连通分量。',1,'[{\"key\":\"A\",\"value\":\"检测环路\"},{\"key\":\"B\",\"value\":\"最小生成树\"},{\"key\":\"C\",\"value\":\"短路算法\"},{\"key\":\"D\",\"value\":\"连通分量\"}]',8,'并查集,图论','并查集与图的关系','MULTIPLE_CHOICE','2026-06-05 03:33:24.645151',6),(37,'B,A','在并查集中，合并两个集合时，哪种策略可以有效减少树的高度？','2026-06-05 03:33:24.654662','MEDIUM',0x01,'按大小合并和按秩合并策略都可以有效减少树的高度，从而提高查找效率。',NULL,'[{\"key\":\"A\",\"value\":\"按大小合并\"},{\"key\":\"B\",\"value\":\"按秩合并\"},{\"key\":\"C\",\"value\":\"无规则合并\"},{\"key\":\"D\",\"value\":\"按时间合并\"}]',4,'并查集,优化','合并集合的策略','MULTIPLE_CHOICE','2026-06-05 09:34:37.845259',6),(38,'A,C,D','在研究树套树这一数据结构时，以下哪几种复杂度分析是正确的？','2026-06-07 03:20:24.870546','HARD',0x01,'树套树的复杂性分析包括树的深度对整体复杂性的影响、树节点数量对空间复杂度的影响及其用于处理并查集问题的能力。',1,'[{\"key\":\"A\",\"value\":\"树的深度影响整体复杂性\"},{\"key\":\"B\",\"value\":\"最坏情况下时间复杂度为O(n)\"},{\"key\":\"C\",\"value\":\"树节点数量直接影响空间复杂度\"},{\"key\":\"D\",\"value\":\"能够用于高效处理并查集问题\"},{\"key\":\"E\",\"value\":\"树套树的实现可以使用链表存储\"}]',10,'数据结构,树套树,复杂度分析','树套树的复杂性分析','MULTIPLE_CHOICE','2026-06-07 03:20:24.870546',3),(39,'A,C,D,F','在高等数据结构中，树套树是一种常见的结构。以下哪些说法正确描述了树套树的特点和应用？','2026-06-07 03:20:24.947544','HARD',0x01,'树套树常用于层次结构的表示，能够在网络管理和数据库设计中发挥重要作用，且外层树的子节点可以作为内层树的根节点，针对不正确的描述树套树没有图形界面元素的组织能力。',1,'[{\"key\":\"A\",\"value\":\"树套树可以用于表示层次结构数据\"},{\"key\":\"B\",\"value\":\"任意两棵树可以相互套嵌\"},{\"key\":\"C\",\"value\":\"树套树在网络层次管理中有重要应用\"},{\"key\":\"D\",\"value\":\"在树套树中，外层树的子节点是内层树的根节点\"},{\"key\":\"E\",\"value\":\"树套树不能用于图形界面元素的组织\"},{\"key\":\"F\",\"value\":\"树套树在数据库设计中有应用价值\"}]',7,'数据结构,树套树','树套树的应用','MULTIPLE_CHOICE','2026-06-07 03:20:24.947544',3),(40,'A,C,E','关于树套树的特性，以下哪些说法是正确的？','2026-06-07 03:20:24.984397','HARD',0x01,'树套树用于表示层次关系，其中一个节点可以包含多个子树，这使得它能够灵活地表示复杂结构。选项B和D是不正确的。树套树能够优化某些算法的性能，例如遍历等。',1,'[{\"key\":\"A\",\"value\":\"树套树用于存储非线性数据结构的层次关系\"},{\"key\":\"B\",\"value\":\"树套树结构只能包含相同类型的节点\"},{\"key\":\"C\",\"value\":\"树套树允许在一个节点下套用多个子树\"},{\"key\":\"D\",\"value\":\"树套树的最大深度和节点数量没有限制\"},{\"key\":\"E\",\"value\":\"树套树在某些算法中可以提高效率，比如图的遍历\"}]',10,'数据结构,树套树','树套树的特性','MULTIPLE_CHOICE','2026-06-07 03:20:24.984397',3),(41,'A,B,C,E','在高等数据结构中，树套树是一种重要的结构，它允许在多个树的基础上进行有效的数据组织与操作。以下关于树套树的描述中，哪个选项是正确的？','2026-06-07 03:20:25.011394','HARD',0x01,'树套树可以有效地表示多维数组（A），并且支持多个类型的子节点（B）以及高效的插入与删除（C）。此外，树套树的结构会影响遍历的复杂度（E），而选项D是错误的，因为树套树不仅限于线性数据结构。',1,'[{\"key\":\"A\",\"value\":\"树套树可以用来表示多维数组\"},{\"key\":\"B\",\"value\":\"树套树的每个节点可以有多个类型的子节点\"},{\"key\":\"C\",\"value\":\"树套树支持高效的插入与删除操作\"},{\"key\":\"D\",\"value\":\"树套树只适用于线性数据结构\"},{\"key\":\"E\",\"value\":\"树套树的结构会影响遍历的复杂度\"}]',10,'数据结构,树套树','树套树的性质与应用','MULTIPLE_CHOICE','2026-06-07 03:20:25.011394',3),(42,'A,C,E','在高等数据结构中，关于树套树的以下哪些说法是正确的？','2026-06-07 03:20:25.037813','HARD',0x01,'树套树是一种重要的数据结构，可以高效地表示层次结构并用于复杂问题求解。树套树的深度不是简单的最大值，而是和节点数目有关，节点数和子树数量无关。因此，选项B和D不正确。',1,'[{\"key\":\"A\",\"value\":\"树套树可以用于表示层次结构的数据\"},{\"key\":\"B\",\"value\":\"树套树的深度是其子树深度的最大值\"},{\"key\":\"C\",\"value\":\"树套树在搜索效率上优于单一树结构\"},{\"key\":\"D\",\"value\":\"树套树的每个节点最多可以有两个子节点\"},{\"key\":\"E\",\"value\":\"树套树可以用于解决复杂的动态编程问题\"}]',10,'数据结构,树,算法','树套树的性质与应用','MULTIPLE_CHOICE','2026-06-10 06:31:43.919186',3),(43,'B','某团队编写需求规格说明书（SRS）时，对一条需求进行了评审。需求原文为：“系统应尽可能提高查询效率。”评审会上希望从质量特征角度判断该需求是否具备可验证性。以下哪项评审意见最符合SRS对“可验证性”的要求？','2026-06-10 06:46:22.535520','MEDIUM',0x01,'高质量需求规格应具备可验证性：需求必须包含能够被客观检查的条件与指标，使测试能够明确判定“满足/不满足”。“系统应尽可能提高查询效率”属于定性且模糊表述，未给出量化标准（例如最大响应时间、平均/99分位响应时间、吞吐量等），因此无法基于需求直接设计可重复的测试用例，评审应认为其不可验证。',1,'[{\"key\":\"A\",\"value\":\"该表述可验证，因为评审时可以由开发人员凭经验估算“尽可能”的效果是否满足要求\"},{\"key\":\"B\",\"value\":\"该表述不可验证，因为缺少可度量的指标（如响应时间、吞吐量或性能目标），导致无法设计测试用例直接判定满足/不满足\"},{\"key\":\"C\",\"value\":\"该表述可验证，因为“查询效率”属于常见术语，测试人员只要验证查询功能正确即可\"},{\"key\":\"D\",\"value\":\"该表述可验证，因为评审时可以接受定性目标，只要在实现后进行人工主观评价即可\"}]',4,'SRS质量特征,可验证性,评审要点','关于需求规格说明书评审时“可验证性”判断的选择','SINGLE_CHOICE','2026-06-10 06:46:22.535520',74),(44,'B','在一次SRS评审中，评审发现某条需求R-12：“系统应支持用户在个人中心查看历史订单。”其附带的注释说明“历史订单信息来自订单服务的查询接口”，但在SRS中缺少以下内容：未标注该需求在设计阶段对应的模块/用例编号，也未在测试用例章节中建立与R-12的映射关系。\n\n根据SRS的质量特征要求，以下哪项最准确地指出该问题主要破坏了哪一类质量特征，并给出对应的评审判断结论？','2026-06-10 06:46:22.567068','MEDIUM',0x01,'可追踪性强调需求应能在后续活动中被追溯（通常包括从需求到设计、实现与测试用例的双向映射）。题干中R-12虽然给出了数据来源注释，但缺少设计/用例编号与测试用例映射关系，导致无法建立“需求→测试/设计”的对应链路，因此主要破坏的是可追踪性。A偏向正确性（题干未表明与业务不符），C偏向完整性（题干问题不在是否描述了功能细节），D偏向一致性（题干未体现冲突）。',1,'[{\"key\":\"A\",\"value\":\"正确性：需求与真实业务不一致，因此属于正确性缺陷\"},{\"key\":\"B\",\"value\":\"可追踪性：无法从需求到设计/测试建立对应关系，属于可追踪性缺陷\"},{\"key\":\"C\",\"value\":\"完整性：缺少相关功能描述，因此属于完整性缺陷\"},{\"key\":\"D\",\"value\":\"一致性：需求与其他需求存在冲突，因此属于一致性缺陷\"}]',4,'SRS质量特征,可追踪性,需求评审','关于SRS评审“可追踪性”的缺陷识别选择','SINGLE_CHOICE','2026-06-10 06:46:22.567068',74),(45,'B','某公司在编写需求规格说明书（SRS）时，为了“让需求更易读”，将每条需求分散到不同章节描述：\n- 功能性需求放在“业务背景”章节；\n- 非功能性需求（如性能、可用性、安全）放在“术语定义”章节；\n- 约束与假设直接写在各段落的注释中，不再汇总成独立条目；\n- 同一条需求在“术语定义”里用A表述一次，在“业务背景”里又用B表述一次（两者措辞不同但意图相同）。\n\n在SRS评审中，评审员认为当前主要违反了高质量需求规格应具备的哪些质量特征？（单选）','2026-06-10 06:46:22.587107','MEDIUM',0x01,'高质量SRS强调正确性、完整性、一致性、可验证性、可追踪性。\n\n本题场景中：\n1) 需求被“随章节分散”，导致约束/假设等信息不以SRS通常应有的条目形式汇总，容易造成“必要信息缺失或组织不完整”，对应“完整性”问题；\n2) 同一需求在不同章节使用不同措辞（A与B两套表述），虽然“意图相同”，但在评审语境下属于潜在矛盾/不一致的写法，对“一致性”构成影响。\n\n选项A偏向“需求与真实业务不一致”，但题干未给出与业务不符的证据；\n选项C强调“能否验证”，题干主要体现的是结构/组织与同一需求的重复表述不一致；\n选项D强调映射关系缺失，题干未指出需求到设计/测试的追踪断裂。\n\n因此最符合的是“完整性与一致性”。',1,'[{\"key\":\"A\",\"value\":\"正确性：需求与真实业务不一致\"},{\"key\":\"B\",\"value\":\"完整性与一致性：结构安排导致缺少必要信息且同一需求出现矛盾表述\"},{\"key\":\"C\",\"value\":\"可验证性：需求虽然结构正确但无法转化为测试用例\"},{\"key\":\"D\",\"value\":\"可追踪性：缺少从需求到设计/测试用例的映射\"}]',4,'SRS结构,质量特征,完整性,一致性,评审要点','关于SRS结构完整性与一致性边界的选择题','SINGLE_CHOICE','2026-06-10 06:46:22.587107',74),(46,'A','某团队在评审SRS时，对需求 R-23 进行了讨论。R-23 写为：“系统应在高并发场景下保持快速响应。”评审员A认为该需求“可验证性不足”，因为“高并发”和“快速响应”未量化；评审员B认为该需求“正确性有问题”，因为需求声称“高并发”时系统还要“保持与低并发完全相同的响应时间”，但SRS前文对“低并发响应时间”为4秒、并未说明高并发响应时间目标，导致读者可能误解为“完全相同”。\n\n在不改变需求原文措辞的前提下，问：在SRS质量特征中，以下哪项评审意见最准确地区分了“正确性”与“可验证性”的问题点？','2026-06-10 06:46:22.610991','MEDIUM',0x01,'正确性关注“需求是否真实、无歧义地表达了要做什么/在什么前提下要实现”，并避免与已知事实、约束或SRS其他部分产生错误或矛盾的含义；可验证性关注“是否能用客观方法验证其满足与否”，通常需要明确的度量/判定条件。\n\n本题中：\n- 评审员A指出“高并发”和“快速响应”未量化，导致难以客观验证，这更符合“可验证性不足”。\n- 评审员B提到前文缺少高并发目标却被读者可能误解为“与低并发完全相同”，本质上更像是由表述不清引发的歧义/理解偏差，与SRS内部信息组织与一致性风险相关，而不应直接把“可能误解”就等同为“正确性已然错误”。\n\n因此，最准确地区分应是A：A贴近可验证性，B更应归为一致性/歧义风险，而非直接判为正确性缺陷。',1,'[{\"key\":\"A\",\"value\":\"评审员A的观点更贴近可验证性；评审员B的观点属于一致性/歧义风险，而不应直接判为正确性问题\"},{\"key\":\"B\",\"value\":\"两位评审员都在指可验证性问题，因为只要不可量化就必然属于正确性缺陷\"},{\"key\":\"C\",\"value\":\"两位评审员都在指正确性问题；只要读者可能误解，说明需求必然与相关约束冲突，因此是正确性缺陷\"},{\"key\":\"D\",\"value\":\"评审员A指正确性，评审员B指可验证性；两者的结论应对调才符合SRS质量特征定义\"}]',4,'SRS质量特征,正确性,可验证性,评审要点','关于SRS“正确性”与“可验证性”区分的评审判断选择','SINGLE_CHOICE','2026-06-10 06:46:22.610991',74),(47,'B','某团队在评审SRS质量时，强调“可追踪性”不仅要能从需求定位到设计/测试，还要在边界条件下保持映射完整。已知一条SRS需求R-58：\n“系统应允许管理员导出报表，导出范围可按日期选择。”\n但在评审中发现：R-58在SRS中标注了唯一编号，并且在后续测试用例中出现了“导出报表按日期选择”的测试项；然而在SRS缺陷清单中，评审员指出“未说明该测试项对应到R-58的触发条件/接口调用路径（例如由哪个管理端页面或API发起导出）”，导致在回归时无法判断该测试覆盖的是R-58的哪一个子条件。\n根据SRS的“可追踪性”质量特征，以下哪项评审意见最符合要求？','2026-06-10 06:46:22.634176','MEDIUM',0x01,'可追踪性要求需求与后续工件（尤其是设计与测试）之间能建立清晰、可追溯的关系，以便定位“哪些需求被哪些测试覆盖”。题干边界条件在于：虽然测试项出现了业务描述，但缺少从R-58到测试覆盖范围的关键子条件映射（例如触发条件/接口路径/前置条件），会导致回归时无法判断测试究竟覆盖了R-58的哪部分，从而削弱可追踪性。因此最符合的是要求补充需求-测试的明确映射与关键子条件对应，确保覆盖范围可定位。',1,'[{\"key\":\"A\",\"value\":\"只要测试用例里出现了相同业务描述，即认为可追踪性满足要求，无需再补充触发条件或接口路径映射。\"},{\"key\":\"B\",\"value\":\"应要求在需求与测试用例之间建立明确映射，并补充该需求涉及的关键子条件（如日期选择）对应到测试的前置条件/调用路径，避免回归时无法定位覆盖范围。\"},{\"key\":\"C\",\"value\":\"可追踪性只要求从需求到设计文档可找到对应模块，不要求测试侧建立映射。\"},{\"key\":\"D\",\"value\":\"可追踪性强调需求编号唯一即可，至于子条件在SRS或测试中的粒度一致性不属于评审范围。\"}]',4,'SRS质量特征,可追踪性,需求评审,边界条件,需求-测试映射','基于SRS的可追踪性：边界条件下的评审要点选择','SINGLE_CHOICE','2026-06-10 06:46:22.634176',74);

INSERT INTO `revinfo` (`rev`, `revtstmp`) VALUES (1,1749115125650),(2,1749115860519),(3,1749116077848),(4,1780802424900),(5,1780802424950),(6,1780802424992),(7,1780802425014),(8,1780802425040),(9,1781072718861),(10,1781073103925),(11,1781073982542),(12,1781073982569),(13,1781073982590),(14,1781073982611),(15,1781073982636);

INSERT INTO `question_aud` (`id`, `rev`, `revtype`, `answer`, `content`, `create_time`, `difficulty`, `enabled`, `explanation`, `is_ai_generated`, `options`, `score`, `tags`, `title`, `type`, `update_time`, `knowledge_point_id`) VALUES (37,1,1,'B,A','在并查集中，合并两个集合时，哪种策略可以有效减少树的高度？','2026-06-05 03:33:24.654662','MEDIUM',0x01,'按大小合并和按秩合并策略都可以有效减少树的高度，从而提高查找效率。',NULL,'[{\"key\":\"A\",\"value\":\"按大小合并\"},{\"key\":\"B\",\"value\":\"按秩合并\"},{\"key\":\"C\",\"value\":\"无规则合并\"},{\"key\":\"D\",\"value\":\"按时间合并\"}]',4,'并查集,优化','合并集合的策略','MULTIPLE_CHOICE','2026-06-05 09:18:45.610745',6),(37,2,1,'C,D','在并查集中，合并两个集合时，哪种策略可以有效减少树的高度？','2026-06-05 03:33:24.654662','MEDIUM',0x01,'按大小合并和按秩合并策略都可以有效减少树的高度，从而提高查找效率。',NULL,'[{\"key\":\"A\",\"value\":\"按大小合并\"},{\"key\":\"B\",\"value\":\"按秩合并\"},{\"key\":\"C\",\"value\":\"无规则合并\"},{\"key\":\"D\",\"value\":\"按时间合并\"}]',4,'并查集,优化','合并集合的策略','MULTIPLE_CHOICE','2026-06-05 09:31:00.511049',6),(37,3,1,'B,A','在并查集中，合并两个集合时，哪种策略可以有效减少树的高度？','2026-06-05 03:33:24.654662','MEDIUM',0x01,'按大小合并和按秩合并策略都可以有效减少树的高度，从而提高查找效率。',NULL,'[{\"key\":\"A\",\"value\":\"按大小合并\"},{\"key\":\"B\",\"value\":\"按秩合并\"},{\"key\":\"C\",\"value\":\"无规则合并\"},{\"key\":\"D\",\"value\":\"按时间合并\"}]',4,'并查集,优化','合并集合的策略','MULTIPLE_CHOICE','2026-06-05 09:34:37.845259',6),(38,4,0,'A,C,D','在研究树套树这一数据结构时，以下哪几种复杂度分析是正确的？','2026-06-07 03:20:24.870546','HARD',0x01,'树套树的复杂性分析包括树的深度对整体复杂性的影响、树节点数量对空间复杂度的影响及其用于处理并查集问题的能力。',1,'[{\"key\":\"A\",\"value\":\"树的深度影响整体复杂性\"},{\"key\":\"B\",\"value\":\"最坏情况下时间复杂度为O(n)\"},{\"key\":\"C\",\"value\":\"树节点数量直接影响空间复杂度\"},{\"key\":\"D\",\"value\":\"能够用于高效处理并查集问题\"},{\"key\":\"E\",\"value\":\"树套树的实现可以使用链表存储\"}]',10,'数据结构,树套树,复杂度分析','树套树的复杂性分析','MULTIPLE_CHOICE','2026-06-07 03:20:24.870546',3),(39,5,0,'A,C,D,F','在高等数据结构中，树套树是一种常见的结构。以下哪些说法正确描述了树套树的特点和应用？','2026-06-07 03:20:24.947544','HARD',0x01,'树套树常用于层次结构的表示，能够在网络管理和数据库设计中发挥重要作用，且外层树的子节点可以作为内层树的根节点，针对不正确的描述树套树没有图形界面元素的组织能力。',1,'[{\"key\":\"A\",\"value\":\"树套树可以用于表示层次结构数据\"},{\"key\":\"B\",\"value\":\"任意两棵树可以相互套嵌\"},{\"key\":\"C\",\"value\":\"树套树在网络层次管理中有重要应用\"},{\"key\":\"D\",\"value\":\"在树套树中，外层树的子节点是内层树的根节点\"},{\"key\":\"E\",\"value\":\"树套树不能用于图形界面元素的组织\"},{\"key\":\"F\",\"value\":\"树套树在数据库设计中有应用价值\"}]',7,'数据结构,树套树','树套树的应用','MULTIPLE_CHOICE','2026-06-07 03:20:24.947544',3),(40,6,0,'A,C,E','关于树套树的特性，以下哪些说法是正确的？','2026-06-07 03:20:24.984397','HARD',0x01,'树套树用于表示层次关系，其中一个节点可以包含多个子树，这使得它能够灵活地表示复杂结构。选项B和D是不正确的。树套树能够优化某些算法的性能，例如遍历等。',1,'[{\"key\":\"A\",\"value\":\"树套树用于存储非线性数据结构的层次关系\"},{\"key\":\"B\",\"value\":\"树套树结构只能包含相同类型的节点\"},{\"key\":\"C\",\"value\":\"树套树允许在一个节点下套用多个子树\"},{\"key\":\"D\",\"value\":\"树套树的最大深度和节点数量没有限制\"},{\"key\":\"E\",\"value\":\"树套树在某些算法中可以提高效率，比如图的遍历\"}]',10,'数据结构,树套树','树套树的特性','MULTIPLE_CHOICE','2026-06-07 03:20:24.984397',3),(41,7,0,'A,B,C,E','在高等数据结构中，树套树是一种重要的结构，它允许在多个树的基础上进行有效的数据组织与操作。以下关于树套树的描述中，哪个选项是正确的？','2026-06-07 03:20:25.011394','HARD',0x01,'树套树可以有效地表示多维数组（A），并且支持多个类型的子节点（B）以及高效的插入与删除（C）。此外，树套树的结构会影响遍历的复杂度（E），而选项D是错误的，因为树套树不仅限于线性数据结构。',1,'[{\"key\":\"A\",\"value\":\"树套树可以用来表示多维数组\"},{\"key\":\"B\",\"value\":\"树套树的每个节点可以有多个类型的子节点\"},{\"key\":\"C\",\"value\":\"树套树支持高效的插入与删除操作\"},{\"key\":\"D\",\"value\":\"树套树只适用于线性数据结构\"},{\"key\":\"E\",\"value\":\"树套树的结构会影响遍历的复杂度\"}]',10,'数据结构,树套树','树套树的性质与应用','MULTIPLE_CHOICE','2026-06-07 03:20:25.011394',3),(42,8,0,'A,C,E','在高等数据结构中，关于树套树的以下哪些说法是正确的？','2026-06-07 03:20:25.037813','HARD',0x01,'树套树是一种重要的数据结构，可以高效地表示层次结构并用于复杂问题求解。树套树的深度不是简单的最大值，而是和节点数目有关，节点数和子树数量无关。因此，选项B和D不正确。',1,'[{\"key\":\"A\",\"value\":\"树套树可以用于表示层次结构的数据\"},{\"key\":\"B\",\"value\":\"树套树的深度是其子树深度的最大值\"},{\"key\":\"C\",\"value\":\"树套树在搜索效率上优于单一树结构\"},{\"key\":\"D\",\"value\":\"树套树的每个节点最多可以有两个子节点\"},{\"key\":\"E\",\"value\":\"树套树可以用于解决复杂的动态编程问题\"}]',10,'数据结构,树,算法','树套树的性质与应用','MULTIPLE_CHOICE','2026-06-07 03:20:25.037813',3),(42,9,1,'A,C,E','在高等数据结构中，关于树套树的以下哪些说法是正确的？','2026-06-07 03:20:25.037813','HARD',0x01,'树套树是一种重要的数据结构，可以高效地表示层次结构并用于复杂问题求解。树套树的深度不是简单的最大值，而是和节点数目有关，节点数和子树数量无关。因此，选项B和D不正确。',NULL,'[{\"key\":\"A\",\"value\":\"树套树可以用于表示层次结构的数据\"},{\"key\":\"B\",\"value\":\"树套树的深度是其子树深度的最大值\"},{\"key\":\"C\",\"value\":\"树套树在搜索效率上优于单一树结构\"},{\"key\":\"D\",\"value\":\"树套树的每个节点最多可以有两个子节点\"},{\"key\":\"E\",\"value\":\"树套树可以用于解决复杂的动态编程问题\"}]',10,'数据结构,树,算法','树套树的性质与应用','MULTIPLE_CHOICE','2026-06-10 06:25:18.848068',3),(42,10,1,'A,C,E','在高等数据结构中，关于树套树的以下哪些说法是正确的？','2026-06-07 03:20:25.037813','HARD',0x01,'树套树是一种重要的数据结构，可以高效地表示层次结构并用于复杂问题求解。树套树的深度不是简单的最大值，而是和节点数目有关，节点数和子树数量无关。因此，选项B和D不正确。',1,'[{\"key\":\"A\",\"value\":\"树套树可以用于表示层次结构的数据\"},{\"key\":\"B\",\"value\":\"树套树的深度是其子树深度的最大值\"},{\"key\":\"C\",\"value\":\"树套树在搜索效率上优于单一树结构\"},{\"key\":\"D\",\"value\":\"树套树的每个节点最多可以有两个子节点\"},{\"key\":\"E\",\"value\":\"树套树可以用于解决复杂的动态编程问题\"}]',10,'数据结构,树,算法','树套树的性质与应用','MULTIPLE_CHOICE','2026-06-10 06:31:43.919186',3),(43,11,0,'B','某团队编写需求规格说明书（SRS）时，对一条需求进行了评审。需求原文为：“系统应尽可能提高查询效率。”评审会上希望从质量特征角度判断该需求是否具备可验证性。以下哪项评审意见最符合SRS对“可验证性”的要求？','2026-06-10 06:46:22.535520','MEDIUM',0x01,'高质量需求规格应具备可验证性：需求必须包含能够被客观检查的条件与指标，使测试能够明确判定“满足/不满足”。“系统应尽可能提高查询效率”属于定性且模糊表述，未给出量化标准（例如最大响应时间、平均/99分位响应时间、吞吐量等），因此无法基于需求直接设计可重复的测试用例，评审应认为其不可验证。',1,'[{\"key\":\"A\",\"value\":\"该表述可验证，因为评审时可以由开发人员凭经验估算“尽可能”的效果是否满足要求\"},{\"key\":\"B\",\"value\":\"该表述不可验证，因为缺少可度量的指标（如响应时间、吞吐量或性能目标），导致无法设计测试用例直接判定满足/不满足\"},{\"key\":\"C\",\"value\":\"该表述可验证，因为“查询效率”属于常见术语，测试人员只要验证查询功能正确即可\"},{\"key\":\"D\",\"value\":\"该表述可验证，因为评审时可以接受定性目标，只要在实现后进行人工主观评价即可\"}]',4,'SRS质量特征,可验证性,评审要点','关于需求规格说明书评审时“可验证性”判断的选择','SINGLE_CHOICE','2026-06-10 06:46:22.535520',74),(44,12,0,'B','在一次SRS评审中，评审发现某条需求R-12：“系统应支持用户在个人中心查看历史订单。”其附带的注释说明“历史订单信息来自订单服务的查询接口”，但在SRS中缺少以下内容：未标注该需求在设计阶段对应的模块/用例编号，也未在测试用例章节中建立与R-12的映射关系。\n\n根据SRS的质量特征要求，以下哪项最准确地指出该问题主要破坏了哪一类质量特征，并给出对应的评审判断结论？','2026-06-10 06:46:22.567068','MEDIUM',0x01,'可追踪性强调需求应能在后续活动中被追溯（通常包括从需求到设计、实现与测试用例的双向映射）。题干中R-12虽然给出了数据来源注释，但缺少设计/用例编号与测试用例映射关系，导致无法建立“需求→测试/设计”的对应链路，因此主要破坏的是可追踪性。A偏向正确性（题干未表明与业务不符），C偏向完整性（题干问题不在是否描述了功能细节），D偏向一致性（题干未体现冲突）。',1,'[{\"key\":\"A\",\"value\":\"正确性：需求与真实业务不一致，因此属于正确性缺陷\"},{\"key\":\"B\",\"value\":\"可追踪性：无法从需求到设计/测试建立对应关系，属于可追踪性缺陷\"},{\"key\":\"C\",\"value\":\"完整性：缺少相关功能描述，因此属于完整性缺陷\"},{\"key\":\"D\",\"value\":\"一致性：需求与其他需求存在冲突，因此属于一致性缺陷\"}]',4,'SRS质量特征,可追踪性,需求评审','关于SRS评审“可追踪性”的缺陷识别选择','SINGLE_CHOICE','2026-06-10 06:46:22.567068',74),(45,13,0,'B','某公司在编写需求规格说明书（SRS）时，为了“让需求更易读”，将每条需求分散到不同章节描述：\n- 功能性需求放在“业务背景”章节；\n- 非功能性需求（如性能、可用性、安全）放在“术语定义”章节；\n- 约束与假设直接写在各段落的注释中，不再汇总成独立条目；\n- 同一条需求在“术语定义”里用A表述一次，在“业务背景”里又用B表述一次（两者措辞不同但意图相同）。\n\n在SRS评审中，评审员认为当前主要违反了高质量需求规格应具备的哪些质量特征？（单选）','2026-06-10 06:46:22.587107','MEDIUM',0x01,'高质量SRS强调正确性、完整性、一致性、可验证性、可追踪性。\n\n本题场景中：\n1) 需求被“随章节分散”，导致约束/假设等信息不以SRS通常应有的条目形式汇总，容易造成“必要信息缺失或组织不完整”，对应“完整性”问题；\n2) 同一需求在不同章节使用不同措辞（A与B两套表述），虽然“意图相同”，但在评审语境下属于潜在矛盾/不一致的写法，对“一致性”构成影响。\n\n选项A偏向“需求与真实业务不一致”，但题干未给出与业务不符的证据；\n选项C强调“能否验证”，题干主要体现的是结构/组织与同一需求的重复表述不一致；\n选项D强调映射关系缺失，题干未指出需求到设计/测试的追踪断裂。\n\n因此最符合的是“完整性与一致性”。',1,'[{\"key\":\"A\",\"value\":\"正确性：需求与真实业务不一致\"},{\"key\":\"B\",\"value\":\"完整性与一致性：结构安排导致缺少必要信息且同一需求出现矛盾表述\"},{\"key\":\"C\",\"value\":\"可验证性：需求虽然结构正确但无法转化为测试用例\"},{\"key\":\"D\",\"value\":\"可追踪性：缺少从需求到设计/测试用例的映射\"}]',4,'SRS结构,质量特征,完整性,一致性,评审要点','关于SRS结构完整性与一致性边界的选择题','SINGLE_CHOICE','2026-06-10 06:46:22.587107',74),(46,14,0,'A','某团队在评审SRS时，对需求 R-23 进行了讨论。R-23 写为：“系统应在高并发场景下保持快速响应。”评审员A认为该需求“可验证性不足”，因为“高并发”和“快速响应”未量化；评审员B认为该需求“正确性有问题”，因为需求声称“高并发”时系统还要“保持与低并发完全相同的响应时间”，但SRS前文对“低并发响应时间”为4秒、并未说明高并发响应时间目标，导致读者可能误解为“完全相同”。\n\n在不改变需求原文措辞的前提下，问：在SRS质量特征中，以下哪项评审意见最准确地区分了“正确性”与“可验证性”的问题点？','2026-06-10 06:46:22.610991','MEDIUM',0x01,'正确性关注“需求是否真实、无歧义地表达了要做什么/在什么前提下要实现”，并避免与已知事实、约束或SRS其他部分产生错误或矛盾的含义；可验证性关注“是否能用客观方法验证其满足与否”，通常需要明确的度量/判定条件。\n\n本题中：\n- 评审员A指出“高并发”和“快速响应”未量化，导致难以客观验证，这更符合“可验证性不足”。\n- 评审员B提到前文缺少高并发目标却被读者可能误解为“与低并发完全相同”，本质上更像是由表述不清引发的歧义/理解偏差，与SRS内部信息组织与一致性风险相关，而不应直接把“可能误解”就等同为“正确性已然错误”。\n\n因此，最准确地区分应是A：A贴近可验证性，B更应归为一致性/歧义风险，而非直接判为正确性缺陷。',1,'[{\"key\":\"A\",\"value\":\"评审员A的观点更贴近可验证性；评审员B的观点属于一致性/歧义风险，而不应直接判为正确性问题\"},{\"key\":\"B\",\"value\":\"两位评审员都在指可验证性问题，因为只要不可量化就必然属于正确性缺陷\"},{\"key\":\"C\",\"value\":\"两位评审员都在指正确性问题；只要读者可能误解，说明需求必然与相关约束冲突，因此是正确性缺陷\"},{\"key\":\"D\",\"value\":\"评审员A指正确性，评审员B指可验证性；两者的结论应对调才符合SRS质量特征定义\"}]',4,'SRS质量特征,正确性,可验证性,评审要点','关于SRS“正确性”与“可验证性”区分的评审判断选择','SINGLE_CHOICE','2026-06-10 06:46:22.610991',74),(47,15,0,'B','某团队在评审SRS质量时，强调“可追踪性”不仅要能从需求定位到设计/测试，还要在边界条件下保持映射完整。已知一条SRS需求R-58：\n“系统应允许管理员导出报表，导出范围可按日期选择。”\n但在评审中发现：R-58在SRS中标注了唯一编号，并且在后续测试用例中出现了“导出报表按日期选择”的测试项；然而在SRS缺陷清单中，评审员指出“未说明该测试项对应到R-58的触发条件/接口调用路径（例如由哪个管理端页面或API发起导出）”，导致在回归时无法判断该测试覆盖的是R-58的哪一个子条件。\n根据SRS的“可追踪性”质量特征，以下哪项评审意见最符合要求？','2026-06-10 06:46:22.634176','MEDIUM',0x01,'可追踪性要求需求与后续工件（尤其是设计与测试）之间能建立清晰、可追溯的关系，以便定位“哪些需求被哪些测试覆盖”。题干边界条件在于：虽然测试项出现了业务描述，但缺少从R-58到测试覆盖范围的关键子条件映射（例如触发条件/接口路径/前置条件），会导致回归时无法判断测试究竟覆盖了R-58的哪部分，从而削弱可追踪性。因此最符合的是要求补充需求-测试的明确映射与关键子条件对应，确保覆盖范围可定位。',1,'[{\"key\":\"A\",\"value\":\"只要测试用例里出现了相同业务描述，即认为可追踪性满足要求，无需再补充触发条件或接口路径映射。\"},{\"key\":\"B\",\"value\":\"应要求在需求与测试用例之间建立明确映射，并补充该需求涉及的关键子条件（如日期选择）对应到测试的前置条件/调用路径，避免回归时无法定位覆盖范围。\"},{\"key\":\"C\",\"value\":\"可追踪性只要求从需求到设计文档可找到对应模块，不要求测试侧建立映射。\"},{\"key\":\"D\",\"value\":\"可追踪性强调需求编号唯一即可，至于子条件在SRS或测试中的粒度一致性不属于评审范围。\"}]',4,'SRS质量特征,可追踪性,需求评审,边界条件,需求-测试映射','基于SRS的可追踪性：边界条件下的评审要点选择','SINGLE_CHOICE','2026-06-10 06:46:22.634176',74);
/*!40103 SET TIME_ZONE=@OLD_TIME_ZONE */;

/*!40101 SET SQL_MODE=@OLD_SQL_MODE */;
/*!40014 SET FOREIGN_KEY_CHECKS=@OLD_FOREIGN_KEY_CHECKS */;
/*!40014 SET UNIQUE_CHECKS=@OLD_UNIQUE_CHECKS */;
/*!40101 SET CHARACTER_SET_CLIENT=@OLD_CHARACTER_SET_CLIENT */;
/*!40101 SET CHARACTER_SET_RESULTS=@OLD_CHARACTER_SET_RESULTS */;
/*!40101 SET COLLATION_CONNECTION=@OLD_COLLATION_CONNECTION */;
/*!40111 SET SQL_NOTES=@OLD_SQL_NOTES */;
