--liquibase formatted sql

--changeset codex:006-seed-assessment-demo-data
/*!40101 SET @OLD_CHARACTER_SET_CLIENT=@@CHARACTER_SET_CLIENT */;
/*!40101 SET @OLD_CHARACTER_SET_RESULTS=@@CHARACTER_SET_RESULTS */;
/*!40101 SET @OLD_COLLATION_CONNECTION=@@COLLATION_CONNECTION */;
/*!50503 SET NAMES utf8mb4 */;
/*!40103 SET @OLD_TIME_ZONE=@@TIME_ZONE */;
/*!40103 SET TIME_ZONE='+00:00' */;
/*!40014 SET @OLD_UNIQUE_CHECKS=@@UNIQUE_CHECKS, UNIQUE_CHECKS=0 */;
/*!40014 SET @OLD_FOREIGN_KEY_CHECKS=@@FOREIGN_KEY_CHECKS, FOREIGN_KEY_CHECKS=0 */;
/*!40101 SET @OLD_SQL_MODE=@@SQL_MODE, SQL_MODE='NO_AUTO_VALUE_ON_ZERO' */;
/*!40111 SET @OLD_SQL_NOTES=@@SQL_NOTES, SQL_NOTES=0 */;

INSERT INTO `paper` (`id`, `allow_retry`, `create_time`, `description`, `question_order_type`, `show_answer`, `status`, `time_limit`, `title`, `total_score`, `update_time`, `teacher_id`) VALUES (1,0x01,'2026-06-05 03:34:04.044188','本试卷由系统智能组卷自动生成。','FIXED',0x01,'ARCHIVED',90,'智能组卷-1749094444039',56,'2026-06-10 05:38:57.347110',1),(2,0x01,'2026-06-10 05:57:51.328188','本试卷由系统智能组卷自动生成。','FIXED',0x01,'PUBLISHED',90,'智能组卷-1781071071324',15,'2026-06-10 06:05:39.417591',1),(3,0x00,'2026-06-10 06:07:14.657737','本试卷由系统智能组卷自动生成。','FIXED',0x00,'DRAFT',90,'智能组卷-1781071634656',64,'2026-06-10 06:07:14.680752',1),(4,0x00,'2026-06-10 06:12:33.143297','本试卷由系统智能组卷自动生成。','FIXED',0x00,'PUBLISHED',90,'智能组卷-1781071953141',100,'2026-06-10 06:12:35.178811',1),(5,0x01,'2026-06-10 06:16:31.072984','本试卷由系统智能组卷自动生成。','FIXED',0x01,'PUBLISHED',90,'智能组卷-1781072191071',100,'2026-06-10 06:24:20.326593',1);

INSERT INTO `paper_question` (`id`, `order_num`, `score`, `paper_id`, `question_id`) VALUES (1,1,4,1,28),(2,2,4,1,15),(3,3,5,1,33),(4,4,8,1,36),(5,5,12,1,19),(6,6,4,1,37),(7,7,2,1,31),(8,8,5,1,30),(9,9,5,1,17),(10,10,7,1,18),(11,1,5,2,30),(12,2,2,2,31),(13,3,3,2,29),(14,4,1,2,32),(15,5,4,2,28),(16,1,3,3,29),(17,2,2,3,31),(18,3,4,3,15),(19,4,5,3,30),(20,5,3,3,16),(21,6,4,3,28),(22,7,1,3,32),(23,8,5,3,33),(24,9,7,3,35),(25,10,5,3,17),(26,11,8,3,36),(27,12,7,3,18),(28,13,4,3,37),(29,14,6,3,34),(30,1,18,4,36),(31,2,10,4,37),(32,3,14,4,34),(33,4,12,4,17),(34,5,12,4,33),(35,6,8,4,16),(36,7,8,4,29),(37,8,3,4,32),(38,9,5,4,31),(39,10,10,4,28),(40,1,49,5,19),(41,2,46,5,20);

INSERT INTO `practice_session` (`id`, `attempt`, `correct_rate`, `start_time`, `submit_time`, `submitted`, `total_score`, `update_time`, `paper_id`, `student_id`) VALUES (1,1,0.6,'2026-06-05 03:34:29.761346','2026-06-05 03:37:36.330605',0x01,36,'2026-06-05 03:37:36.331591',1,1),(2,1,0.4,'2026-06-05 05:56:21.184521','2026-06-05 05:59:02.419675',0x01,15,'2026-06-05 05:59:02.421182',1,1),(3,1,0.2,'2026-06-05 06:52:28.573587','2026-06-05 06:52:56.446783',0x01,19,'2026-06-05 07:17:08.738182',1,1),(4,1,NULL,'2026-06-05 07:53:28.105658',NULL,0x00,NULL,'2026-06-05 07:53:28.105658',1,1),(5,1,0.2,'2026-06-10 06:05:44.347307','2026-06-10 06:05:57.604122',0x01,4,'2026-06-10 06:05:57.607122',2,1),(6,1,0.2,'2026-06-10 06:06:30.756161','2026-06-10 06:06:38.648165',0x01,3,'2026-06-10 06:06:38.649164',2,1),(7,1,0.2,'2026-06-10 06:12:42.363664','2026-06-10 06:12:59.586189',0x01,11,'2026-06-10 06:12:59.587195',4,1),(8,1,NULL,'2026-06-10 06:13:12.525809',NULL,0x00,NULL,'2026-06-10 06:13:12.525809',4,1),(9,1,0,'2026-06-10 06:16:48.657515','2026-06-10 06:17:03.595572',0x01,0,'2026-06-10 06:17:03.596572',5,1),(10,1,0,'2026-06-10 06:22:42.037894','2026-06-10 06:22:52.670222',0x01,0,'2026-06-10 06:22:52.671223',5,1),(11,1,0,'2026-06-10 06:23:57.535744','2026-06-10 06:27:16.127607',0x01,0,'2026-06-10 06:27:16.127607',5,1),(12,1,0,'2026-06-10 06:28:50.353867','2026-06-10 06:29:44.457423',0x01,18,'2026-06-10 06:29:44.458425',5,1),(13,1,0,'2026-06-10 06:34:40.463599','2026-06-10 06:43:28.093935',0x01,112,'2026-06-10 06:44:12.688691',5,1);

INSERT INTO `student_answer` (`id`, `ai_comment`, `answer_content`, `correct`, `marked`, `score`, `practice_session_id`, `question_id`) VALUES (1,'答案正确','A',0x01,NULL,4,1,28),(2,'答案正确','A',0x01,NULL,4,1,15),(3,'答案错误','A',0x00,NULL,0,1,33),(4,'答案错误','B',0x00,NULL,0,1,36),(5,'学生对于树状数组的基本原理有一定了解，但描述不够全面，缺乏对动态前缀和效率的详细讨论，也未充分阐述应用场景的优势。建议增强对树状数组与线段树的比较和优劣势分析，以及具体应用实例的说明。','树状数组支持区间修改区间查询 效率为(logn),具体应用中比线段树代码量少,可以做归并排序',0x00,NULL,10,1,19),(6,'答案正确','A,B',0x01,NULL,4,1,37),(7,'答案错误','A',0x00,NULL,0,1,31),(8,'答案正确','C',0x01,NULL,5,1,30),(9,'答案正确','A,C',0x01,NULL,5,1,17),(10,'答案正确','A,D',0x01,NULL,7,1,18),(11,'答案正确','A',0x01,NULL,4,2,28),(12,'答案正确','A',0x01,NULL,4,2,15),(13,'答案错误','B,D',0x00,NULL,0,2,33),(14,'答案错误','B',0x00,NULL,0,2,36),(15,'未能回答问题，缺乏对树状数组及其应用的理解。','我不会',0x00,NULL,0,2,19),(16,'答案错误','B,A',0x00,NULL,0,2,37),(17,'答案正确','B',0x01,NULL,2,2,31),(18,'答案正确','C',0x01,NULL,5,2,30),(19,'答案错误','A,B',0x00,NULL,0,2,17),(20,'答案错误','A,B,C',0x00,NULL,0,2,18),(21,'答案错误','B',0x00,NULL,0,3,28),(22,'答案正确','A',0x01,NULL,4,3,15),(23,'答案错误','C,B',0x00,NULL,0,3,33),(24,'答案错误','B,D,C',0x00,NULL,0,3,36),(25,'答案过于简略，未能详细讨论树状数组的原理、效率及应用场景，缺乏深度和全面性。','算法',0x00,NULL,10,3,19),(26,'答案错误','B,A',0x00,NULL,0,3,37),(27,'答案错误','D',0x00,NULL,0,3,31),(28,'答案正确','C',0x01,NULL,5,3,30),(29,'答案错误','B,C',0x00,NULL,0,3,17),(30,'答案错误','C',0x00,NULL,0,3,18),(31,'答案错误','A',0x00,NULL,0,5,30),(32,'答案错误','C',0x00,NULL,0,5,31),(33,'答案错误','D',0x00,NULL,0,5,29),(34,'答案错误','B',0x00,NULL,0,5,32),(35,'答案正确','A',0x01,NULL,4,5,28),(36,'答案错误','B',0x00,NULL,0,6,30),(37,'答案错误','C',0x00,NULL,0,6,31),(38,'答案正确','A',0x01,NULL,3,6,29),(39,'答案错误','B',0x00,NULL,0,6,32),(40,'答案错误','D',0x00,NULL,0,6,28),(41,'答案错误','A',0x00,NULL,0,7,36),(42,'答案错误','B',0x00,NULL,0,7,37),(43,'答案错误','C',0x00,NULL,0,7,34),(44,'答案错误','D',0x00,NULL,0,7,17),(45,'答案错误','C',0x00,NULL,0,7,33),(46,'答案错误','B',0x00,NULL,0,7,16),(47,'答案正确','A',0x01,NULL,8,7,29),(48,'答案正确','C',0x01,NULL,3,7,32),(49,'答案错误','D',0x00,NULL,0,7,31),(50,'答案错误','B',0x00,NULL,0,7,28),(52,'回答过于简略，无法满足题目要求。','嗯嗯嗯嗯嗯',0x00,NULL,0,9,19),(54,'没有回答题目','哈哈哈哈哈',0x00,NULL,0,9,20),(55,'答题内容与题意无关，未体现对树状数组原理与应用的理解。','拉拉拉',0x00,NULL,0,10,19),(56,'答案与题目无关，未给出任何对比与讨论内容。','嘟嘟嘟',0x00,NULL,0,10,20),(57,'未作答，缺少对树状数组原理、效率与应用的讨论。','我不会',0x00,NULL,0,11,19),(58,'答题内容缺失，未能回答题目要求。','给我点分吧求你了',0x00,NULL,0,11,20),(59,'答题过于简略，仅提到lowbit和“效率很高”，缺少对原理、动态前缀和处理流程与应用优势的具体说明。','树状数组通过lowbit实现,效率很高',0x00,NULL,8,12,19),(60,'只给出了实现难度的粗略对比，缺少对功能差异、优缺点与适用场景的论述。','树状数组和线段树很相似,在实现难度上线段树更大,树状数组更小',0x00,NULL,10,12,20),(61,'讲清了 lowbit 与树状数组的父子/前驱关系，更新与前缀查询推导准确；对动态前缀和的效率对比和应用场景也较完整，整体接近满分。','树状数组（Binary Indexed Tree, BIT）原理、效率与应用优势一、数据结构核心原理树状数组是基于数组实现的树形结构，专为单点更新、区间前缀查询设计，不依赖复杂指针，空间与普通数组一致。1. 核心概念：Lowbit 函数lowbit(x) 表示x 的二进制最低位 1 对应的值，公式：\n\\(\\text{lowbit}(x) = x \\& (-x)\\)\n作用：定位树状数组中节点的父子关系、跳跃步长。示例（二进制）：\n\\(x=6(110)\\)，\\(\\text{lowbit}(6)=2(10)\\)\n\\(x=4(100)\\)，\\(\\text{lowbit}(4)=4(100)\\)\n2. 存储规则设原数组为 \\(a[1\\dots n]\\)，树状数组为 \\(tree[1\\dots n]\\)（下标从 1 开始，0 号弃用）：\n\\(tree[x]\\) 存储一段连续原数组元素的和，区间长度为 \\(\\text{lowbit}(x)\\)。\n节点 x 的父节点：\\(x + \\text{lowbit}(x)\\)\n节点 x 的前驱节点：\\(x - \\text{lowbit}(x)\\)\n3. 两大核心操作（1）单点更新（给位置 idx 增加值 val）逻辑：从当前节点向上遍历所有父节点，沿途更新对应区间和。plaintextwhile idx <= n:\n    tree[idx] += val\n    idx += lowbit(idx)\n（2）前缀和查询（求 \\(a[1] \\sim a[idx]\\) 的总和）逻辑：从当前节点向前遍历所有前驱节点，累加区间和。plaintextres = 0\nwhile idx > 0:\n    res += tree[idx]\n    idx -= lowbit(idx)\nreturn res\n（3）区间和查询（求 \\(a[l] \\sim a[r]\\)）利用前缀和相减：\n\\(\\text{sum}(l,r) = \\text{query}(r) - \\text{query}(l-1)\\)二、动态前缀和的时间效率动态前缀和 = 频繁单点修改 + 频繁前缀 / 区间查询，对比普通数组、前缀和数组、线段树：1. 时间复杂度树状数组两大操作时间复杂度均为 \\(O(\\log n)\\)\n原因：每次操作通过 lowbit 跳跃，每次消除二进制最低位 1，最多遍历 \\(\\log_2 n\\) 层。\n2. 对比其他结构\n\n普通数组\n\n查询前缀和：\\(O(n)\\)\n单点更新：\\(O(1)\\)\n动态场景（改 + 查交替）效率极低。\n\n\n\n静态前缀和数组\n\n查询前缀和：\\(O(1)\\)\n单点更新：\\(O(n)\\)（需重算后续所有前缀和）\n完全不适合动态修改。\n\n\n\n线段树\n\n更新、查询：均为 \\(O(\\log n)\\)\n常数更大、代码更长、空间占用更高。\n\n\n总结：树状数组在动态前缀和场景下，时间复杂度最优，且常数极小、运行更快。三、应用场景与核心优势1. 核心优势\n代码极简：仅十几行核心逻辑，易编写、不易出错。\n空间高效：直接用一维数组，空间复杂度 \\(O(n)\\)，无额外开销。\n常数极低：相比线段树，无递归、无区间拆分合并，CPU 执行更快。\n实现简单：无需处理复杂区间划分，仅依赖位运算。\n\n局限性：不支持区间修改、区间最值、复杂区间运算，场景受限；下标必须从 1 开始。\n2. 典型应用场景（1）动态区间求和（最常用）场景：数组元素频繁增减，同时反复查询区间和。\n例：实时统计流量、订单累计、计分系统。（2）逆序对计数（经典算法题）原理：从后往前遍历数组，用树状数组统计已出现元素中比当前数小的个数，累加得到逆序对总数。\n时间复杂度 \\(O(n\\log n)\\)，是逆序对最优解法之一。（3）离线 / 在线多维计数\n数轴上动态加点、查询指定区间内点数；\n偏序问题、二维数点（结合离散化）。\n（4）离散化 + 树状数组当数值范围极大（如 \\(10^9\\)）但元素个数有限时，先离散化压缩下标，再用树状数组处理，解决值域过大问题。（5）排队、投票、排名类统计动态更新每个人票数 / 排名，实时查询前 k 名总和、区间票数。四、整体总结\n原理：借助 lowbit 位运算构建虚拟树形结构，用一维数组存储分段和，通过向上 / 向前跳跃完成更新与查询。\n效率：单点更新、前缀查询均为 \\(O(\\log n)\\)，动态前缀和场景下综合效率远超普通数组与静态前缀和，常数优于线段树。\n适用场景：优先用于单点更新 + 前缀 / 区间查询类问题；代码短、速度快是最大亮点，是竞赛、工程中轻量级区间统计的首选。',0x00,NULL,46,13,19),(62,'对比结构清晰、覆盖了主要点，尤其是实现与适用场景；但在“功能支持”与“空间/性能”表述上有些不严谨，存在常见误区与过度概括。','树状数组 vs 线段树：全面对比（功能、实现、优缺点、场景）\n这是算法和工程中最核心的区间数据结构对比，我用最清晰、最实用的方式给你总结，直接能用于面试、做题、工程选型。\n一、一句话总览\n树状数组（BIT）：轻量、极简、超快，只擅长前缀和 / 单点修改类问题。\n线段树（Segment Tree）：全能、强大、通用，几乎支持所有区间操作。\n二、核心功能差异\n表格\n功能	树状数组	线段树\n单点修改	✅ O(log n)	✅ O(log n)\n前缀和查询	✅ O(log n)	✅ O(log n)\n区间和查询	✅ O(log n)	✅ O(log n)\n区间修改（区间加 / 区间赋值）	✅ 仅支持简单区间加	✅ 全能支持\n区间最值（max/min）	❌ 不支持	✅ 支持\n区间 GCD / 区间异或	❌ 不支持	✅ 支持\n多维度扩展	二维较麻烦	可扩展到多维\n复杂区间合并	❌ 做不到	✅ 天然支持\n关键结论\n树状数组 = 前缀和专用工具\n线段树 = 区间问题万能工具箱\n三、实现难度与代码量差异\n1. 树状数组\n核心代码 10 行左右\n只依赖 lowbit 位运算\n无递归、无懒标记、无区间拆分\n几乎不会写崩\n极简模板\npython\n运行\ndef lowbit(x): return x & -x\n\ndef update(idx, val):\n    while idx <= n:\n        tree[idx] += val\n        idx += lowbit(idx)\n\ndef query(idx):\n    res = 0\n    while idx > 0:\n        res += tree[idx]\n        idx -= lowbit(idx)\n    return res\n2. 线段树\n标准版代码 50~100 行\n支持递归 / 非递归\n区间修改需要 懒标记（lazy tag）\n逻辑复杂，容易写错、溢出、超时\n特点：功能越强，代码越重。\n四、性能与效率对比\n时间复杂度\n两者都是 O(log n)，理论相同。\n实际运行速度\n树状数组 >> 线段树\n树状数组：纯位运算，无函数调用、无递归\n线段树：大量区间判断、懒标记下推、节点合并\n实测：树状数组通常比线段树快 2~5 倍\n空间消耗\n树状数组：O (n)\n线段树：通常开 4*n 空间\n五、优缺点总结\n树状数组\n✅ 优点\n代码极短，不易出错\n速度极快，常数最小\n内存友好\n上手成本极低\n❌ 缺点\n功能极度受限，只能处理可拆分的前缀和类问题\n不支持区间最值、GCD、复杂区间操作\n下标必须从 1 开始\n线段树\n✅ 优点\n全能，几乎支持所有区间问题\n可自定义合并规则（sum/max/min/gcd/xor…）\n支持区间修改、区间查询\n扩展性极强\n❌ 缺点\n代码冗长\n常数大，速度慢\n理解成本高，懒标记容易错\n空间占用更大\n六、适用场景（最实用部分）\n你应该用 树状数组 的场景\n单点修改 + 前缀和 / 区间和查询\n逆序对统计\n动态计数、数点问题\n离散化统计\n实时求和、流量统计、计分板\n算法比赛中能使用 BIT 就绝不写线段树\n你必须用 线段树 的场景\n区间修改 + 区间查询（区间加、区间赋值）\n区间最大值、最小值\n区间 GCD、区间异或、区间众数\n区间覆盖、区间染色\n复杂区间合并问题\n在线查询的复杂动态问题\n七、终极选择口诀\nplaintext\n能BIT，不线段树\n求前缀和、单点更新 → BIT\n求区间最值、区间修改 → 线段树\n总结\n树状数组：轻量、超快、代码短，前缀和之王，但功能有限。\n线段树：全能、强大、通用，区间问题之王，但更重更慢。',0x00,NULL,66,13,20);

INSERT INTO `grading_result` (`id`, `ai_comment`, `ai_grading_time`, `ai_reason`, `ai_score`, `final_score`, `review_time`, `teacher_comment`, `review_teacher_id`, `student_answer_id`) VALUES (1,'答案正确','2026-06-05 03:37:33.044963',NULL,4,4,'2026-06-05 06:48:20.510714','',1,1),(2,'答案正确','2026-06-05 03:37:33.051478',NULL,4,4,'2026-06-05 06:48:22.044617','',1,2),(3,'答案错误','2026-06-05 03:37:33.055478',NULL,0,0,'2026-06-05 06:48:23.458683','',1,3),(4,'答案错误','2026-06-05 03:37:33.058986',NULL,0,0,'2026-06-05 06:48:25.014360','',1,4),(5,'学生对于树状数组的基本原理有一定了解，但描述不够全面，缺乏对动态前缀和效率的详细讨论，也未充分阐述应用场景的优势。建议增强对树状数组与线段树的比较和优劣势分析，以及具体应用实例的说明。','2026-06-05 03:37:36.279235',NULL,7,10,'2026-06-05 06:48:12.217147','加油',1,5),(6,'答案正确','2026-06-05 03:37:36.301049',NULL,4,4,'2026-06-05 06:48:26.510753','',1,6),(7,'答案错误','2026-06-05 03:37:36.312242',NULL,0,0,'2026-06-05 06:48:27.905638','',1,7),(8,'答案正确','2026-06-05 03:37:36.317346',NULL,5,5,'2026-06-05 06:48:29.300146','',1,8),(9,'答案正确','2026-06-05 03:37:36.325057',NULL,5,5,'2026-06-05 06:48:30.720880','',1,9),(10,'答案正确','2026-06-05 03:37:36.329622',NULL,7,7,'2026-06-05 06:48:33.574813','',1,10),(11,'答案正确','2026-06-05 05:58:59.353749','答案正确',4,4,'2026-06-05 06:48:35.597322','',1,11),(12,'答案正确','2026-06-05 05:58:59.363798','答案正确',4,4,'2026-06-05 06:48:37.189090','',1,12),(13,'答案错误','2026-06-05 05:58:59.368813','答案错误',0,0,'2026-06-05 06:48:38.853934','',1,13),(14,'答案错误','2026-06-05 05:58:59.372964','答案错误',0,0,'2026-06-05 06:48:40.349740','',1,14),(15,'未能回答问题，缺乏对树状数组及其应用的理解。','2026-06-05 05:59:02.395544','未能回答问题，缺乏对树状数组及其应用的理解。',0,0,'2026-06-05 06:48:42.100179','',1,15),(16,'答案错误','2026-06-05 05:59:02.400996','答案错误',0,0,'2026-06-05 06:48:44.407028','',1,16),(17,'答案正确','2026-06-05 05:59:02.405113','答案正确',2,2,'2026-06-05 06:48:45.721242','',1,17),(18,'答案正确','2026-06-05 05:59:02.410099','答案正确',5,5,'2026-06-05 06:48:47.563905','',1,18),(19,'答案错误','2026-06-05 05:59:02.413724','答案错误',0,0,'2026-06-05 06:48:48.979483','',1,19),(20,'答案错误','2026-06-05 05:59:02.419675','答案错误',0,0,'2026-06-05 06:48:50.338898','',1,20),(21,'答案错误','2026-06-05 06:52:53.423101','答案错误',0,NULL,NULL,NULL,NULL,21),(22,'答案正确','2026-06-05 06:52:53.427206','答案正确',4,NULL,NULL,NULL,NULL,22),(23,'答案错误','2026-06-05 06:52:53.430201','答案错误',0,NULL,NULL,NULL,NULL,23),(24,'答案错误','2026-06-05 06:52:53.432608','答案错误',0,NULL,NULL,NULL,NULL,24),(25,'答案过于简略，未能详细讨论树状数组的原理、效率及应用场景，缺乏深度和全面性。','2026-06-05 06:52:56.418364','答案过于简略，未能详细讨论树状数组的原理、效率及应用场景，缺乏深度和全面性。',2,10,'2026-06-05 07:17:08.708324','',1,25),(26,'答案错误','2026-06-05 06:52:56.428881','答案错误',0,NULL,NULL,NULL,NULL,26),(27,'答案错误','2026-06-05 06:52:56.434395','答案错误',0,NULL,NULL,NULL,NULL,27),(28,'答案正确','2026-06-05 06:52:56.438561','答案正确',5,NULL,NULL,NULL,NULL,28),(29,'答案错误','2026-06-05 06:52:56.442560','答案错误',0,NULL,NULL,NULL,NULL,29),(30,'答案错误','2026-06-05 06:52:56.445782','答案错误',0,NULL,NULL,NULL,NULL,30),(31,'答案错误','2026-06-10 06:05:57.565607','答案错误',0,NULL,NULL,NULL,NULL,31),(32,'答案错误','2026-06-10 06:05:57.575637','答案错误',0,NULL,NULL,NULL,NULL,32),(33,'答案错误','2026-06-10 06:05:57.584607','答案错误',0,NULL,NULL,NULL,NULL,33),(34,'答案错误','2026-06-10 06:05:57.593612','答案错误',0,NULL,NULL,NULL,NULL,34),(35,'答案正确','2026-06-10 06:05:57.602116','答案正确',4,NULL,NULL,NULL,NULL,35),(36,'答案错误','2026-06-10 06:06:38.614378','答案错误',0,NULL,NULL,NULL,NULL,36),(37,'答案错误','2026-06-10 06:06:38.620377','答案错误',0,NULL,NULL,NULL,NULL,37),(38,'答案正确','2026-06-10 06:06:38.627379','答案正确',3,NULL,NULL,NULL,NULL,38),(39,'答案错误','2026-06-10 06:06:38.637191','答案错误',0,NULL,NULL,NULL,NULL,39),(40,'答案错误','2026-06-10 06:06:38.646203','答案错误',0,NULL,NULL,NULL,NULL,40),(41,'答案错误','2026-06-10 06:12:59.533558','答案错误',0,NULL,NULL,NULL,NULL,41),(42,'答案错误','2026-06-10 06:12:59.540849','答案错误',0,NULL,NULL,NULL,NULL,42),(43,'答案错误','2026-06-10 06:12:59.546849','答案错误',0,NULL,NULL,NULL,NULL,43),(44,'答案错误','2026-06-10 06:12:59.553191','答案错误',0,NULL,NULL,NULL,NULL,44),(45,'答案错误','2026-06-10 06:12:59.558188','答案错误',0,NULL,NULL,NULL,NULL,45),(46,'答案错误','2026-06-10 06:12:59.564189','答案错误',0,NULL,NULL,NULL,NULL,46),(47,'答案正确','2026-06-10 06:12:59.570190','答案正确',8,NULL,NULL,NULL,NULL,47),(48,'答案正确','2026-06-10 06:12:59.575189','答案正确',3,NULL,NULL,NULL,NULL,48),(49,'答案错误','2026-06-10 06:12:59.580189','答案错误',0,NULL,NULL,NULL,NULL,49),(50,'答案错误','2026-06-10 06:12:59.585226','答案错误',0,NULL,NULL,NULL,NULL,50),(52,'回答过于简略，无法满足题目要求。','2026-06-10 06:17:02.086768','学生仅用简单的重复词汇回应，未能对树状数组的原理、动态前缀和效率及应用场景进行任何讨论和分析，明显未达到答题要求。因此得分为0分。',0,0,'2026-06-10 06:24:47.896649','确实',1,52),(53,'没有回答题目','2026-06-10 06:17:03.593573','学生的答案完全没有涉及树状数组和线段树的内容，缺乏任何相关信息和分析，无法判断其理解和掌握情况，因此得分为0分。',0,NULL,NULL,NULL,NULL,54),(55,'答题内容与题意无关，未体现对树状数组原理与应用的理解。','2026-06-10 06:22:50.871594','学生答案仅有“拉拉拉”，没有涉及树状数组的数据结构原理、动态前缀和的处理机制与效率分析，也未给出任何具体应用场景及其优势。未能满足题目考查的核心点（原理/效率/场景优势），因此判为0分。',0,NULL,NULL,NULL,NULL,55),(56,'答案与题目无关，未给出任何对比与讨论内容。','2026-06-10 06:22:52.668214','学生答案仅包含“嘟嘟嘟”，未涉及树状数组与线段树在功能、实现差异、优缺点或适用场景等要求；因此无法从内容中评判知识点，视为缺失作答。按满分46分计为0分。',0,NULL,NULL,NULL,NULL,56),(57,'未作答，缺少对树状数组原理、效率与应用的讨论。','2026-06-10 06:27:14.274135','学生答案仅为“我不会”，未提供任何关于树状数组的数据结构原理、处理动态前缀和（如单点更新+区间前缀查询）的效率分析（通常为O(log n)）、以及具体应用场景（如逆序对统计、频率维护、在线查询等）的内容。因答题要点完全缺失，无法获得有效分数。',0,NULL,NULL,NULL,NULL,57),(58,'答题内容缺失，未能回答题目要求。','2026-06-10 06:27:16.124493','学生答案仅为“给我点分吧求你了”，没有对比树状数组与线段树的功能与实现差异，也未讨论各自优缺点或适用场景；因此无法获得任何有效得分。',0,NULL,NULL,NULL,NULL,58),(59,'答题过于简略，仅提到lowbit和“效率很高”，缺少对原理、动态前缀和处理流程与应用优势的具体说明。','2026-06-10 06:29:41.121305','1）数据结构原理：学生仅提到“通过lowbit实现”，未说明树状数组的核心思想（用不同区间长度的部分和来维护前缀和、节点i所覆盖的区间范围、结构与二进制表示的对应关系等），因此该部分得分很少。2）处理动态前缀和的效率：未阐述如何支持“单点更新 + 前缀和查询”的操作流程，以及时间复杂度为何为O(log n)（例如通过不断加/减lowbit跳到父节点/累加贡献区间）。也未提及动态含义（更新后前缀和可实时反映）。因此该部分基本得不到分。3）具体应用场景优势：未给出任何应用例子或对比说明（如与线段树、前缀和静态结构的差异；典型场景如逆序对计数、实时统计、频率前缀查询等），导致该部分得分为0或接近0。4）论述完整性与准确性：表述非常简短，缺少必要的关键点与推导/解释。综上仅能根据“lowbit用于实现并且效率高”的少量正确直觉给极低分。',8,NULL,NULL,NULL,NULL,59),(60,'只给出了实现难度的粗略对比，缺少对功能差异、优缺点与适用场景的论述。','2026-06-10 06:29:44.454421','1）功能差异（约0/16分）：答案仅提到“相似”，未说明树状数组主要支持前缀和/点更新与区间求和的高效实现，而线段树能更一般地支持区间查询（如区间最值、区间和、区间统计等）以及区间更新（配合懒标记）。未展开对“功能差异”的对比。\n2）实现与复杂度（约6/14分）：提到“实现难度线段树更大、树状数组更小”，这是正确方向的，但缺少具体原因与复杂度对比（如两者通常都是 O(log n) 查询/更新，但线段树常因节点结构与懒标记实现更复杂，常数更大）。因此只能给部分分。\n3）优缺点（约3/10分）：缺少系统总结。若仅凭实现难度推断优劣，最多只能认为树状数组更简洁、线段树更灵活；但未提到诸如“树状数组实现简洁、适合特定运算；线段树支持更复杂区间操作/更通用但常数较大”等要点。\n4）适用场景（约1/6分）：未给出具体场景（例如：树状数组用于单点更新+前缀/区间和；线段树用于区间最值、区间赋值/加法等）。\n综合来看，答题内容覆盖面不足，主要停留在实现难度的单点对比，因此得分较低。',10,NULL,NULL,NULL,NULL,60),(61,'讲清了 lowbit 与树状数组的父子/前驱关系，更新与前缀查询推导准确；对动态前缀和的效率对比和应用场景也较完整，整体接近满分。','2026-06-10 06:43:22.532338','1）数据结构原理：给出了 lowbit 定义（x & -x）及其作用，解释了 tree[x] 覆盖的区间长度为 lowbit(x)，并正确描述了父节点/前驱节点关系（x+lowbit(x)、x-lowbit(x)）。这些是树状数组理解的关键点，答案正确且有例子支撑。（约12分中得11分）\n2）核心操作实现：单点更新与前缀和查询的 while 循环逻辑正确，且区间和用 query(r)-query(l-1) 也符合标准做法。代码/伪代码与公式一致，表达清晰。（约12分中得12分）\n3）动态前缀和效率：正确指出更新与前缀查询均为 O(log n)，并解释每次消去二进制最低位 1，从而层数最多为 log2 n。对普通数组、静态前缀和数组、线段树的对比也基本到位（线段树常数更大、代码更长、空间更高），论证合理。（约10分中得9.5分）\n4）应用场景与优势：列举了逆序对计数、离线/在线多维计数（含离散化）、以及排名/计数类问题等，体现了树状数组“单点更新+前缀/区间查询”的典型用途；同时指出局限性（不支持区间修改/复杂区间运算）较贴合实际。（约9分中得8.5分）\n5）扣分点：整体很强，但题目要求“讨论其在处理动态前缀和时的效率”，答案虽做了对比，但“动态前缀和”的严格语义（例如是否强调多次 prefix 查询的累计优势/与直接维护前缀和重算的对照细化）可以再更贴题；另外关于“空间与普通数组一致”的表述略绝对（取决于实现与是否扩展为维护两个 BIT 等），虽然不影响主要结论。（约6分中得4.5分）\n\n综合：正确性高、覆盖全面、推导与对比基本准确，因此给到46/49。',46,NULL,NULL,NULL,NULL,61),(62,'对比结构清晰、覆盖了主要点，尤其是实现与适用场景；但在“功能支持”与“空间/性能”表述上有些不严谨，存在常见误区与过度概括。','2026-06-10 06:43:28.088950','1）要点覆盖（较好）：文章按“一句话总览—功能差异—实现难度—复杂度与性能—优缺点—适用场景”展开，能直接用于面试/做题，组织性强，符合题目要求。\n\n2）功能差异（有不少正确但存在不严谨/夸大）：\n- 树状数组：主要强调其适用于前缀和、单点修改与区间和查询，这部分正确。\n- 但“树状数组仅支持简单区间加”与“区间修改（区间加/区间赋值）树状数组✅仅支持简单区间加”表达过于绝对。实际上，BIT 可以支持“区间加+区间和/点查询”等（通过双 BIT 等技巧），也存在对区间赋值的特定可行方案（取决于操作与查询类型），因此“功能极度受限”的表述虽然在多数基础用法下成立，但不够精确。\n- 线段树：描述“全能、几乎支持所有区间操作”总体正确，但“天然支持复杂区间合并”这类表述偏口号化；线段树“支持性”取决于能否为操作定义合并与维护信息，并非所有操作都“天然”。\n\n3）实现难度与工程描述（基本合理）：BIT 10 行模板、依赖 lowbit、无递归/懒标记；线段树代码更长、需要 lazy。整体符合常见经验。\n\n4）性能与空间（有问题）：\n- 时间复杂度都为 O(log n)这点正确。\n- “树状数组通常比线段树快 2~5 倍”属于未经论证的经验性结论，可能因实现语言/常数/操作类型差异较大，作为主张略显武断。\n- 空间：线段树通常是 4n 的经验写法是对的，但文中“通常开 4*n 空间”没有说明与实现有关（例如迭代线段树可用 2n），因此相对扣分。\n\n5）适用场景（优点但略有遗漏）：\n- BIT 的“单点更新+前缀/区间求和、逆序对统计、离散化统计、实时求和”等典型场景列得比较完整。\n- 线段树的“区间最大最小、区间 GCD/异或、区间加赋值、覆盖染色、复杂区间合并”等也较全面。\n- 但“能 BIT 就绝不写线段树”的口号过强：有些情况下线段树更易实现/常数更合适/操作更复杂或需要同时维护多种信息，因此更合理的表述应是“在可用 BIT 的前提下通常优先 BIT”。\n\n6）结论与针对性（加分项）：给出“终极选择口诀”，对面试答题很有帮助。\n\n综合评价：内容主干正确且结构优秀，但在“BIT支持范围”和“性能/选择建议”的绝对化程度上不够严谨，另外对空间与常数结论缺乏限定条件，因此未拿满分。',34,66,'2026-06-10 06:44:12.678687','',1,62);

INSERT INTO `notification_state` (`id`, `latest_read_event_log_id`, `update_time`, `user_id`) VALUES (1,2346,'2026-06-10 06:57:03.950998',1);

INSERT INTO `notification_read` (`id`, `event_log_id`, `read_time`, `user_id`) VALUES (1,2296,'2026-06-07 02:51:45.611155',1),(2,2295,'2026-06-07 02:51:47.250117',1),(3,2294,'2026-06-07 02:51:47.829255',1),(4,2293,'2026-06-07 02:51:48.644649',1),(5,2292,'2026-06-07 02:51:49.075303',1),(6,2297,'2026-06-07 03:35:46.220561',1),(7,2298,'2026-06-07 04:03:21.802376',1);
/*!40103 SET TIME_ZONE=@OLD_TIME_ZONE */;

/*!40101 SET SQL_MODE=@OLD_SQL_MODE */;
/*!40014 SET FOREIGN_KEY_CHECKS=@OLD_FOREIGN_KEY_CHECKS */;
/*!40014 SET UNIQUE_CHECKS=@OLD_UNIQUE_CHECKS */;
/*!40101 SET CHARACTER_SET_CLIENT=@OLD_CHARACTER_SET_CLIENT */;
/*!40101 SET CHARACTER_SET_RESULTS=@OLD_CHARACTER_SET_RESULTS */;
/*!40101 SET COLLATION_CONNECTION=@OLD_COLLATION_CONNECTION */;
/*!40111 SET SQL_NOTES=@OLD_SQL_NOTES */;
